Ident;Edad;Chile;Sexo;Educ;EstCiv;Salud;Jubil;Ingreso;Seguro;IngresoQuintil
1;62;0;1;12;0;4;2;0,00;0;1
2;59;0;1;12;0;4;2;0,00;0;1
3;60;0;0;13;0;2;1;0,00;0;1
4;62;0;1;10;0;4;2;0,00;0;1
5;54;0;1;9;0;5;2;0,00;0;1
6;62;0;1;12;1;2;1;0,00;0;1
7;59;0;0;5;1;5;2;0,00;0;1
8;59;0;1;11;0;5;2;0,00;0;1
9;65;0;0;14;0;5;2;0,00;0;1
10;58;0;1;12;0;5;2;0,10;0;1
11;60;0;1;11;0;5;2;0,12;0;1
12;61;0;1;12;0;3;1;0,12;1;1
13;64;0;0;10;1;4;2;0,20;0;1
14;59;0;1;10;1;4;2;0,20;0;1
15;58;0;1;8;0;4;2;0,24;0;1
16;62;0;0;14;0;5;2;0,40;0;1
17;65;0;1;14;0;1;2;0,40;1;1
18;63;0;0;16;0;3;2;0,50;1;1
19;67;1;1;8;0;4;2;0,53;0;1
20;69;0;1;9;0;3;2;0,60;1;1
21;59;0;0;12;1;5;2;0,70;0;1
22;59;0;1;10;1;5;2;0,70;0;1
23;65;0;1;12;0;3;2;0,77;0;1
24;61;0;1;9;0;3;2;0,78;0;1
25;69;0;1;5;0;5;2;0,91;0;1
26;67;0;1;9;1;5;2;1,00;0;1
27;64;0;0;7;1;5;2;1,02;0;1
28;66;1;1;4;0;4;2;1,12;0;1
29;66;0;1;0;0;3;2;1,25;0;1
30;61;0;0;6;1;4;2;1,26;0;1
31;63;0;1;13;0;5;2;1,34;0;1
32;68;0;1;10;0;2;2;1,34;0;1
33;65;0;0;3;0;3;2;1,54;0;1
34;66;1;1;3;0;4;2;1,68;0;1
35;65;0;0;0;1;5;2;1,82;0;1
36;65;0;1;12;0;4;2;2,06;0;1
37;68;1;1;12;0;5;1;2,14;0;1
38;64;0;1;12;0;5;2;2,30;0;1
39;59;1;1;6;0;3;2;2,34;0;1
40;66;1;1;3;0;4;2;2,36;0;1
41;72;0;0;8;1;4;1;2,44;0;1
42;66;0;1;10;0;4;2;2,72;0;1
43;66;1;1;2;0;4;2;2,76;0;1
44;65;0;0;11;0;4;1;2,80;0;1
45;67;0;1;11;0;5;1;2,80;0;1
46;57;1;1;3;0;5;2;2,88;0;1
47;63;0;1;8;0;5;2;3,05;0;1
48;66;1;0;6;0;1;2;3,15;0;1
49;59;0;1;14;0;5;2;3,18;0;1
50;70;0;1;5;1;5;1;3,36;0;1
51;67;0;0;7;1;3;2;3,36;0;1
52;60;0;0;12;0;4;2;3,46;0;1
53;65;0;1;10;0;5;2;3,58;0;1
54;60;0;1;13;0;4;2;3,60;0;1
55;63;1;0;3;1;4;2;3,65;0;1
56;65;0;1;17;1;3;2;3,67;0;1
57;66;1;0;12;0;4;1;3,72;0;1
58;58;0;1;11;0;5;2;3,80;0;1
59;59;0;1;12;1;3;2;3,80;1;1
60;67;0;1;12;0;3;1;3,82;0;1
61;53;0;1;12;1;4;2;3,84;0;1
62;59;0;0;8;1;4;2;3,84;0;1
63;68;1;1;5;0;3;1;3,91;0;1
64;67;0;1;12;0;4;1;3,96;0;1
65;67;0;1;10;0;3;2;4,03;0;1
66;66;0;1;12;0;3;1;4,06;0;1
67;65;0;0;12;1;3;1;4,06;0;1
68;64;0;1;9;0;5;2;4,19;0;1
69;66;0;1;12;0;2;1;4,25;1;1
70;67;1;0;3;1;3;1;4,32;0;1
71;65;0;1;12;0;3;1;4,49;1;1
72;65;0;0;8;0;4;1;4,50;0;1
73;63;0;1;12;1;5;2;4,52;0;1
74;65;0;1;12;0;4;1;4,57;0;1
75;61;0;1;9;0;4;2;4,63;0;1
76;66;0;1;13;0;3;1;4,72;0;1
77;62;0;1;12;0;3;1;4,76;0;1
78;60;0;1;11;0;5;2;4,80;0;1
79;69;0;1;6;0;3;2;4,80;0;1
80;63;0;0;8;1;4;2;4,90;1;1
81;67;0;1;8;0;4;1;4,96;0;1
82;66;0;1;10;0;3;2;4,96;0;1
83;68;0;1;12;0;1;1;4,98;0;1
84;66;0;1;12;0;4;2;4,99;1;1
85;61;0;1;10;0;5;2;5,04;0;1
86;59;0;1;9;0;1;1;5,11;0;1
87;60;0;1;12;0;3;2;5,19;0;1
88;66;0;1;10;0;2;2;5,25;0;1
89;67;0;1;5;0;5;2;5,30;0;1
90;67;1;0;3;0;1;1;5,33;0;1
91;62;0;1;8;0;4;2;5,33;0;1
92;76;0;0;1;1;4;2;5,40;0;1
93;65;0;1;11;0;5;2;5,40;0;1
94;69;0;1;12;0;4;1;5,42;0;1
95;66;0;1;12;0;4;2;5,46;0;1
96;62;0;0;5;0;4;2;5,53;0;1
97;67;0;1;9;0;3;2;5,54;0;1
98;69;0;1;12;0;5;2;5,58;0;1
99;59;0;1;12;0;2;2;5,60;0;1
100;68;0;1;13;0;4;2;5,66;0;1
101;68;0;0;17;0;1;1;5,66;0;1
102;69;0;0;17;1;3;1;5,67;0;1
103;63;0;0;10;1;5;1;5,69;1;1
104;67;0;1;8;0;4;1;5,72;0;1
105;66;0;1;11;0;4;1;5,74;0;1
106;69;0;0;8;1;5;1;5,76;0;1
107;67;0;1;15;0;3;2;5,82;0;1
108;67;0;1;14;1;2;2;5,82;1;1
109;68;0;1;7;0;3;1;5,84;0;1
110;67;0;1;12;0;3;1;5,86;0;1
111;67;0;0;14;1;2;2;5,88;1;1
112;68;0;1;0;0;5;1;5,90;0;1
113;79;0;0;0;1;2;1;5,95;0;1
114;62;0;1;8;1;5;2;5,95;0;1
115;68;0;1;14;0;3;1;5,98;0;1
116;65;0;1;10;0;5;2;5,99;0;1
117;69;0;1;12;0;4;1;5,99;0;1
118;60;0;0;11;1;4;2;6,00;1;1
119;65;0;1;1;0;4;2;6,00;0;1
120;63;0;1;12;0;4;2;6,00;1;1
121;68;0;1;10;0;3;2;6,00;0;1
122;60;0;1;10;1;5;2;6,00;0;1
123;62;0;1;12;0;3;2;6,00;0;1
124;62;0;1;12;0;3;1;6,00;0;1
125;60;0;0;8;1;4;1;6,00;0;1
126;63;1;1;4;1;5;2;6,01;0;1
127;73;1;0;0;1;4;1;6,01;0;1
128;69;1;1;8;1;2;1;6,04;0;1
129;65;0;1;12;0;3;2;6,04;0;1
130;59;0;1;12;0;4;2;6,11;0;1
131;65;0;1;9;0;4;2;6,12;0;1
132;65;0;1;11;0;5;2;6,12;0;1
133;65;0;0;8;0;4;2;6,14;0;1
134;61;0;1;3;0;4;2;6,14;0;1
135;60;1;1;10;0;4;2;6,14;0;1
136;65;1;1;1;0;4;2;6,16;0;1
137;68;0;1;12;0;5;1;6,17;0;1
138;67;0;1;6;0;4;2;6,19;0;1
139;63;0;1;5;0;3;2;6,24;0;1
140;67;0;0;14;0;5;1;6,26;0;1
141;66;1;1;2;0;5;2;6,26;0;1
142;68;0;1;10;0;5;2;6,29;0;1
143;66;0;1;12;0;5;1;6,32;0;1
144;61;0;0;12;0;4;2;6,34;0;1
145;67;0;1;8;0;4;2;6,34;0;1
146;60;1;1;4;0;5;2;6,34;0;1
147;65;1;1;10;0;1;1;6,34;0;1
148;65;0;1;7;0;4;2;6,35;0;1
149;67;1;1;3;0;4;2;6,36;0;1
150;67;1;0;6;1;3;1;6,36;0;1
151;66;1;0;6;0;3;2;6,37;0;1
152;67;1;1;6;0;3;2;6,38;0;1
153;67;0;1;7;0;4;1;6,38;0;1
154;68;0;1;6;0;5;2;6,38;0;1
155;68;0;1;9;0;4;2;6,38;0;1
156;67;0;1;10;0;2;2;6,38;0;1
157;68;0;1;10;0;4;2;6,38;0;1
158;63;0;1;11;0;4;2;6,38;0;1
159;63;0;1;0;0;4;2;6,38;0;1
160;60;0;1;2;0;4;2;6,38;0;1
161;66;0;1;9;0;4;1;6,40;0;1
162;60;0;1;11;0;4;2;6,42;0;1
163;68;1;0;7;0;5;1;6,46;0;1
164;67;1;0;2;0;5;2;6,46;0;1
165;64;0;1;8;0;3;2;6,46;0;1
166;65;1;0;17;1;5;1;6,47;0;1
167;60;0;1;12;0;5;2;6,50;0;1
168;67;0;1;12;0;4;2;6,53;0;1
169;58;0;0;10;0;3;1;6,53;0;1
170;68;0;1;12;0;5;2;6,54;0;1
171;68;0;1;8;0;5;2;6,55;0;1
172;67;0;0;6;0;4;1;6,56;0;1
173;63;0;1;9;0;4;2;6,59;0;1
174;61;0;1;10;0;5;2;6,59;0;1
175;65;0;0;6;0;3;1;6,60;0;1
176;61;0;1;7;0;4;2;6,61;0;1
177;66;0;1;5;0;5;2;6,62;0;1
178;64;0;1;12;0;3;1;6,63;0;1
179;67;1;0;12;1;4;1;6,65;0;1
180;67;0;0;8;0;3;1;6,66;0;1
181;67;0;1;10;0;3;1;6,66;0;1
182;65;0;1;14;0;3;2;6,66;0;1
183;65;0;1;11;0;4;2;6,67;0;1
184;68;0;1;8;0;2;1;6,67;0;1
185;67;0;0;11;1;2;1;6,68;0;1
186;66;0;0;12;0;5;1;6,68;0;1
187;68;0;1;3;0;5;2;6,70;0;1
188;66;0;1;10;0;4;2;6,71;0;1
189;69;0;1;12;0;3;1;6,71;0;1
190;62;0;1;12;0;3;2;6,72;0;1
191;67;1;1;8;0;4;2;6,76;0;1
192;62;0;1;11;0;5;2;6,76;0;1
193;66;0;1;12;0;4;1;6,77;0;1
194;66;0;1;12;0;4;1;6,77;0;1
195;66;1;0;6;1;4;1;6,79;0;1
196;69;0;1;9;0;3;1;6,79;0;1
197;66;1;0;3;0;3;2;6,80;0;1
198;61;0;1;11;0;4;2;6,80;0;1
199;68;0;1;10;0;4;1;6,80;0;1
200;70;1;0;4;1;4;1;6,84;0;1
201;68;0;1;10;0;4;1;6,89;0;1
202;68;0;1;8;0;3;1;6,92;0;1
203;67;0;1;10;0;4;1;6,92;0;1
204;59;0;0;7;1;3;2;6,96;0;1
205;61;0;0;11;1;4;2;6,97;0;1
206;68;1;1;3;0;4;1;6,97;0;1
207;56;0;1;10;1;5;2;6,97;0;1
208;69;0;1;14;0;3;2;7,00;0;1
209;68;0;1;12;0;3;1;7,03;0;1
210;67;0;1;9;0;5;1;7,15;0;1
211;65;0;1;8;0;5;1;7,19;0;1
212;68;0;1;12;0;4;1;7,19;0;1
213;64;0;1;17;0;4;1;7,20;1;1
214;67;1;1;8;1;1;1;7,20;0;1
215;61;0;1;12;0;4;2;7,20;0;1
216;60;1;1;12;0;3;2;7,20;0;1
217;68;1;0;12;1;3;1;7,20;1;1
218;63;0;1;11;0;5;2;7,20;0;1
219;59;0;0;14;0;3;2;7,24;0;1
220;67;0;1;12;0;5;1;7,25;0;1
221;67;0;1;9;0;1;1;7,33;0;1
222;70;0;1;11;0;4;1;7,34;0;1
223;67;0;0;6;1;5;1;7,38;0;1
224;66;1;1;6;0;4;2;7,39;0;1
225;65;1;1;2;0;4;2;7,42;0;1
226;67;0;0;10;0;5;1;7,43;0;1
227;67;1;1;3;0;3;2;7,48;0;1
228;66;0;1;10;0;4;1;7,53;0;1
229;63;1;1;10;0;4;2;7,53;0;1
230;64;0;1;12;0;4;2;7,56;0;1
231;68;0;0;12;1;2;1;7,56;0;1
232;62;0;0;12;0;4;2;7,57;0;1
233;66;0;1;9;0;4;2;7,66;0;1
234;61;0;1;3;0;5;2;7,66;0;1
235;68;0;0;7;1;5;1;7,68;0;1
236;67;0;1;10;0;4;1;7,69;0;1
237;66;0;1;4;1;1;2;7,70;0;1
238;69;0;0;1;1;5;1;7,70;0;1
239;68;1;0;4;1;3;1;7,70;0;1
240;68;0;1;8;0;3;1;7,70;0;1
241;61;0;1;13;0;3;2;7,74;0;1
242;67;0;1;12;0;3;2;7,76;0;1
243;67;0;1;10;0;5;2;7,79;0;1
244;66;0;1;12;0;3;1;7,80;0;1
245;66;0;0;8;0;2;1;7,81;0;1
246;67;0;1;11;0;3;1;7,85;0;1
247;60;0;1;9;0;4;2;7,86;0;1
248;69;0;1;8;0;4;2;7,90;0;1
249;74;0;1;14;0;2;1;7,91;0;1
250;75;1;0;0;1;3;1;7,92;0;1
251;68;0;0;10;0;2;1;7,93;0;1
252;66;0;1;11;0;3;1;7,96;0;1
253;63;1;1;10;0;4;2;7,97;0;1
254;66;0;1;10;0;5;1;7,98;0;1
255;67;0;1;12;0;5;1;7,99;0;1
256;66;0;0;11;0;4;1;8,04;0;1
257;68;0;0;3;0;5;1;8,05;0;1
258;64;0;1;10;0;5;2;8,06;0;1
259;65;0;0;16;0;4;1;8,10;0;1
260;68;0;1;7;0;3;2;8,11;0;1
261;67;0;1;10;0;4;2;8,14;0;1
262;66;1;1;11;0;3;2;8,14;0;1
263;59;0;1;10;0;5;2;8,17;0;1
264;78;0;0;0;0;3;1;8,20;0;1
265;66;0;1;13;0;2;1;8,20;0;1
266;66;1;0;3;1;5;2;8,21;0;1
267;67;0;1;5;0;5;2;8,23;0;1
268;59;0;1;12;0;4;2;8,24;0;1
269;69;0;1;12;0;2;1;8,28;0;1
270;67;0;0;2;0;4;1;8,29;0;1
271;75;1;0;0;1;4;1;8,30;0;1
272;76;1;0;0;1;4;1;8,35;0;1
273;68;1;1;8;0;2;1;8,40;0;1
274;68;0;0;12;0;3;1;8,40;0;1
275;60;0;1;14;0;3;2;8,40;0;1
276;67;0;1;7;0;3;2;8,40;0;1
277;71;1;0;8;0;5;1;8,40;0;1
278;68;0;1;11;0;4;1;8,40;0;1
279;65;1;0;9;1;4;1;8,40;0;1
280;62;0;1;12;0;2;2;8,40;0;1
281;67;1;1;4;1;5;1;8,40;0;1
282;63;0;1;14;0;3;1;8,41;0;1
283;68;1;1;6;1;3;2;8,42;0;1
284;72;1;0;15;1;2;1;8,42;0;1
285;64;0;1;12;0;3;2;8,42;0;1
286;64;0;1;12;0;5;2;8,44;0;1
287;64;0;1;10;0;4;2;8,45;0;1
288;68;0;1;13;0;2;1;8,46;0;1
289;69;1;0;0;1;5;2;8,47;0;1
290;68;1;1;13;0;3;1;8,48;0;1
291;64;0;0;10;1;5;1;8,54;0;1
292;65;0;0;12;0;4;2;8,56;0;1
293;67;0;1;11;0;4;1;8,56;0;1
294;62;0;1;10;0;5;2;8,58;0;1
295;67;0;1;15;0;4;2;8,59;1;1
296;59;0;0;8;1;4;2;8,60;0;1
297;67;0;1;5;0;3;1;8,68;0;1
298;69;0;0;2;0;5;1;8,69;1;1
299;68;0;1;9;0;5;2;8,70;0;1
300;63;0;1;8;0;4;2;8,71;0;1
301;66;0;0;14;0;3;1;8,72;0;1
302;74;0;0;8;1;3;1;8,80;0;1
303;67;0;1;11;0;4;2;8,80;0;1
304;66;0;1;10;0;4;1;8,81;0;1
305;63;0;0;9;1;4;1;8,82;0;1
306;69;0;1;17;0;2;2;8,82;0;1
307;58;0;1;11;0;5;2;8,82;0;1
308;65;0;1;8;0;4;2;8,82;0;1
309;67;0;1;9;0;3;1;8,86;0;1
310;64;0;1;9;0;5;2;8,89;0;1
311;67;0;1;9;0;4;1;8,93;0;1
312;66;0;0;5;1;4;2;8,94;0;1
313;67;1;0;6;1;4;1;8,94;0;1
314;58;0;1;12;0;4;2;8,96;0;1
315;65;0;1;15;0;4;1;8,98;0;1
316;68;1;0;2;1;3;1;8,99;0;1
317;67;1;0;2;1;5;2;8,99;0;1
318;64;0;0;14;0;4;2;9,00;0;1
319;66;0;1;15;0;3;1;9,00;0;1
320;66;0;0;12;1;5;2;9,03;1;1
321;67;0;0;8;1;2;1;9,06;0;1
322;75;0;0;11;1;5;2;9,06;0;1
323;63;0;1;9;1;5;2;9,06;0;1
324;67;1;0;4;1;1;1;9,07;0;1
325;67;1;1;12;0;5;2;9,07;0;1
326;66;0;0;10;0;1;1;9,08;0;1
327;68;0;1;10;0;2;2;9,10;0;1
328;69;0;1;12;0;2;2;9,11;1;1
329;68;0;1;12;0;3;1;9,12;0;1
330;69;1;0;8;1;3;2;9,20;0;1
331;65;1;1;3;1;4;2;9,20;0;1
332;78;1;1;7;1;4;2;9,21;0;1
333;69;0;1;12;0;3;2;9,23;0;1
334;61;0;1;12;0;3;1;9,25;0;1
335;60;0;0;1;1;4;1;9,26;0;1
336;65;0;1;11;0;5;1;9,28;0;1
337;63;0;1;9;0;5;2;9,29;1;1
338;60;0;1;12;0;3;1;9,30;0;1
339;58;0;0;13;0;5;2;9,30;0;1
340;68;1;0;6;0;3;1;9,32;0;1
341;66;1;1;6;1;5;2;9,32;0;1
342;70;1;0;4;1;5;2;9,32;0;1
343;66;0;1;12;1;3;1;9,36;1;1
344;65;0;1;12;0;3;1;9,39;0;1
345;59;0;1;4;0;5;2;9,40;0;1
346;62;0;1;10;0;2;2;9,41;0;1
347;67;0;1;12;0;4;1;9,41;0;1
348;67;0;0;8;1;5;1;9,42;0;1
349;75;0;1;8;1;4;1;9,42;0;1
350;59;0;1;14;0;2;2;9,44;0;1
351;68;1;1;12;1;1;1;9,45;0;1
352;59;0;0;7;1;5;2;9,49;0;1
353;71;0;0;6;1;2;1;9,50;0;1
354;65;0;1;13;0;3;1;9,55;0;1
355;67;0;1;13;0;3;1;9,56;0;1
356;67;0;1;14;0;4;2;9,56;0;1
357;66;0;1;8;0;2;2;9,57;0;1
358;66;0;1;6;0;4;2;9,60;0;1
359;74;1;1;8;1;3;2;9,60;0;1
360;60;0;0;6;1;2;2;9,60;0;1
361;64;1;1;12;0;4;1;9,60;0;1
362;65;0;0;9;1;5;1;9,60;0;1
363;60;0;1;8;1;1;2;9,60;0;1
364;60;0;0;10;1;2;2;9,60;0;1
365;67;1;0;1;1;3;1;9,60;0;1
366;62;0;0;8;0;5;2;9,61;0;1
367;59;0;1;11;0;4;2;9,64;0;1
368;67;1;0;4;1;3;2;9,64;0;1
369;64;0;1;11;0;3;2;9,73;0;1
370;61;0;1;14;0;4;2;9,73;0;1
371;57;1;1;16;0;5;2;9,77;0;1
372;60;0;0;11;0;5;2;9,78;0;1
373;65;0;1;12;0;4;1;9,78;0;1
374;77;0;0;3;1;3;1;9,78;0;1
375;68;0;1;10;1;4;2;9,78;0;1
376;65;0;1;6;0;4;1;9,80;0;1
377;66;0;1;11;0;3;2;9,80;0;1
378;68;0;1;12;0;2;1;9,81;0;1
379;65;1;1;7;0;4;2;9,81;0;1
380;79;0;1;7;1;4;1;9,90;0;1
381;67;0;1;8;0;3;1;9,94;0;1
382;65;0;1;12;0;4;1;9,95;0;1
383;66;0;1;5;1;4;2;9,97;0;1
384;59;0;0;8;0;3;2;10,00;1;1
385;67;0;0;12;0;3;2;10,04;0;1
386;61;0;0;10;1;4;2;10,06;0;1
387;63;0;0;12;1;3;2;10,07;0;1
388;69;0;1;12;0;3;2;10,08;0;1
389;68;0;0;12;0;2;1;10,08;1;1
390;66;0;0;12;1;5;1;10,10;0;1
391;69;0;1;10;0;3;2;10,10;0;1
392;56;0;1;8;0;5;2;10,14;0;1
393;67;0;0;12;0;4;1;10,20;0;1
394;65;1;1;10;0;4;1;10,22;0;1
395;68;0;0;12;0;4;1;10,26;0;1
396;69;0;1;8;0;4;1;10,26;0;1
397;65;0;1;9;0;5;2;10,27;1;1
398;68;0;1;12;0;4;1;10,28;0;1
399;68;0;1;12;1;2;1;10,34;1;1
400;69;0;1;9;0;2;1;10,34;1;1
401;64;1;0;13;0;3;1;10,36;0;1
402;65;0;1;10;0;3;1;10,36;0;1
403;65;0;1;9;0;2;2;10,39;0;1
404;68;1;0;11;0;3;1;10,39;0;1
405;67;1;1;2;1;4;2;10,39;0;1
406;65;1;1;11;0;3;1;10,41;0;1
407;66;0;1;10;0;5;1;10,48;0;1
408;66;0;1;12;1;1;2;10,50;0;1
409;68;0;0;4;0;1;1;10,50;0;1
410;83;0;0;10;1;5;1;10,50;0;1
411;68;0;0;12;0;2;1;10,53;0;1
412;65;0;1;12;0;4;1;10,56;0;1
413;63;1;0;8;1;4;2;10,57;0;1
414;67;0;1;12;0;4;2;10,61;0;1
415;66;0;1;13;0;2;1;10,62;0;1
416;71;0;0;11;1;4;1;10,67;0;1
417;66;0;1;13;1;4;1;10,67;0;1
418;67;0;1;12;0;3;1;10,68;0;1
419;68;0;0;12;0;3;1;10,70;0;1
420;82;0;0;8;0;2;1;10,72;0;1
421;65;0;1;12;0;2;2;10,74;0;1
422;67;0;1;12;0;1;2;10,78;0;1
423;66;0;0;12;1;2;1;10,78;0;1
424;64;0;1;13;0;3;2;10,79;1;1
425;71;1;1;0;1;5;2;10,79;0;1
426;72;0;0;12;1;3;1;10,80;1;1
427;66;0;1;12;1;3;1;10,80;0;1
428;67;0;1;14;0;3;1;10,80;0;1
429;67;0;0;9;1;3;1;10,80;0;1
430;71;0;1;14;0;2;1;10,82;0;1
431;65;0;0;14;1;2;1;10,86;1;1
432;65;0;1;14;0;3;1;10,86;0;1
433;67;0;1;12;0;1;1;10,87;0;1
434;66;0;0;7;0;2;1;10,90;0;1
435;66;0;1;12;0;3;1;10,92;0;1
436;68;0;1;12;0;2;1;10,92;1;1
437;68;0;0;11;0;5;1;10,93;0;1
438;71;0;0;9;0;4;1;10,94;0;1
439;68;1;1;9;0;4;2;11,03;0;1
440;68;0;1;7;0;5;2;11,03;0;1
441;76;0;0;10;1;5;1;11,05;0;1
442;68;0;1;12;0;2;1;11,10;0;1
443;65;0;1;9;1;4;2;11,11;0;1
444;66;0;0;8;1;4;1;11,11;0;1
445;69;0;0;3;1;2;2;11,17;0;1
446;62;0;0;5;1;4;2;11,21;0;1
447;67;0;1;12;0;4;1;11,26;0;1
448;61;0;0;11;1;3;2;11,30;0;1
449;70;0;0;8;0;2;1;11,32;0;1
450;69;0;0;10;1;4;1;11,32;0;1
451;67;0;1;10;1;2;1;11,32;0;1
452;62;0;1;10;0;5;2;11,33;0;1
453;65;0;1;9;0;4;1;11,35;0;1
454;65;0;1;8;0;5;2;11,36;0;1
455;72;0;1;12;0;4;1;11,40;0;1
456;70;0;0;12;0;2;1;11,40;0;1
457;68;0;1;12;0;5;1;11,40;0;1
458;67;0;1;12;0;2;1;11,44;0;1
459;73;0;0;6;1;5;2;11,47;0;1
460;67;0;1;12;1;5;1;11,47;0;1
461;61;0;1;9;0;4;2;11,48;0;1
462;65;0;0;10;1;4;1;11,54;0;1
463;72;0;1;6;1;4;2;11,54;0;1
464;67;0;0;17;0;1;2;11,57;0;1
465;71;1;0;16;1;4;1;11,57;0;1
466;67;1;1;9;0;4;1;11,58;0;1
467;65;0;1;11;0;2;2;11,65;0;1
468;59;0;0;2;0;5;2;11,69;0;1
469;69;0;1;12;0;3;1;11,70;0;1
470;60;0;0;12;0;3;2;11,74;0;1
471;66;0;1;12;0;3;1;11,75;0;1
472;65;0;0;12;1;3;1;11,76;0;1
473;70;0;1;12;0;2;1;11,76;0;1
474;67;0;1;8;1;4;1;11,76;0;1
475;68;0;1;7;0;5;2;11,76;0;1
476;69;0;1;12;0;5;1;11,78;0;1
477;65;0;1;12;0;3;1;11,81;0;1
478;68;0;0;5;1;5;1;11,84;0;1
479;67;0;1;11;1;4;1;11,84;0;1
480;64;1;1;5;1;1;2;11,86;0;1
481;65;0;0;12;1;2;1;11,88;0;1
482;61;0;0;7;1;4;2;11,92;0;1
483;65;0;0;3;1;5;2;11,95;0;1
484;58;0;1;16;0;5;2;11,95;0;1
485;66;0;0;4;0;5;2;11,96;0;1
486;59;0;0;9;1;3;1;11,96;0;1
487;69;0;1;12;1;5;2;11,96;0;1
488;72;0;0;12;0;2;1;11,98;0;1
489;65;0;0;12;1;3;1;12,00;0;1
490;64;0;1;2;1;5;2;12,00;0;1
491;63;0;0;6;1;2;2;12,00;0;1
492;66;0;1;7;0;3;1;12,00;0;1
493;65;0;1;9;1;5;2;12,02;0;1
494;68;0;1;11;0;3;1;12,04;0;1
495;68;1;0;14;1;4;1;12,06;1;1
496;60;0;1;14;1;5;1;12,06;0;1
497;72;0;0;9;1;4;1;12,10;0;1
498;68;0;1;8;1;3;2;12,10;0;1
499;64;0;1;12;0;3;2;12,10;0;1
500;62;0;1;13;1;5;2;12,12;0;1
501;65;0;0;10;1;4;1;12,14;0;1
502;67;0;1;12;0;5;1;12,14;1;1
503;67;0;1;12;0;3;1;12,15;0;1
504;68;0;1;8;1;2;2;12,15;0;1
505;68;0;0;12;1;3;1;12,15;0;1
506;63;0;1;12;0;4;2;12,16;0;1
507;64;0;0;12;1;4;2;12,16;0;1
508;69;0;1;12;0;1;2;12,17;1;1
509;63;0;1;11;1;3;1;12,19;0;1
510;70;0;0;12;1;5;2;12,20;0;1
511;69;0;0;14;1;3;1;12,22;1;1
512;59;0;1;11;0;4;2;12,22;0;1
513;80;1;0;3;1;4;1;12,24;0;1
514;61;0;1;11;0;4;2;12,31;0;1
515;67;0;1;10;0;2;1;12,33;0;1
516;66;0;1;10;0;1;2;12,34;0;1
517;68;0;1;17;0;1;1;12,34;0;1
518;63;0;0;10;1;5;2;12,36;0;1
519;69;0;1;12;1;2;1;12,36;0;1
520;65;0;0;8;1;4;1;12,36;0;1
521;71;0;0;12;1;3;1;12,40;1;1
522;69;0;1;8;0;3;1;12,43;0;1
523;70;0;1;7;1;2;2;12,43;0;1
524;65;0;0;6;1;2;1;12,43;0;1
525;65;0;1;10;0;5;1;12,45;0;1
526;66;0;1;12;0;3;2;12,47;0;1
527;73;1;0;1;1;4;1;12,57;0;1
528;65;0;0;12;1;4;1;12,58;0;1
529;69;0;0;16;1;4;1;12,60;0;1
530;59;0;1;2;0;4;1;12,60;0;1
531;66;0;1;8;1;2;2;12,60;0;1
532;65;0;1;12;1;4;1;12,60;0;1
533;66;0;0;8;1;3;2;12,60;0;1
534;66;0;1;9;0;3;2;12,61;0;1
535;60;1;0;9;0;4;2;12,64;0;1
536;67;0;1;10;1;4;2;12,68;0;1
537;70;0;0;3;1;5;1;12,68;0;1
538;67;0;1;17;0;3;1;12,71;1;1
539;65;0;1;12;0;1;2;12,73;1;1
540;65;0;1;14;0;3;1;12,75;1;1
541;68;1;1;7;1;4;2;12,77;0;1
542;78;1;0;4;1;4;1;12,77;0;1
543;68;0;1;11;0;4;1;12,80;0;1
544;65;0;1;12;0;1;2;12,86;0;1
545;60;0;1;12;0;4;2;12,86;0;1
546;64;0;1;11;1;3;2;12,88;1;1
547;68;1;0;5;1;4;1;12,89;0;1
548;69;1;1;5;1;4;2;12,89;0;1
549;67;0;0;12;0;2;1;12,94;0;1
550;65;0;1;14;0;3;2;13,03;0;1
551;66;0;1;7;0;4;1;13,06;0;1
552;67;0;0;6;1;5;1;13,07;0;1
553;64;1;1;1;1;5;2;13,15;0;1
554;69;1;0;1;1;4;2;13,15;0;1
555;63;1;1;9;1;5;2;13,15;0;1
556;61;1;1;12;1;4;2;13,19;0;1
557;62;0;1;11;1;4;2;13,20;1;1
558;66;0;1;13;0;2;1;13,21;1;1
559;68;0;1;12;1;4;1;13,24;0;1
560;68;0;0;12;1;3;2;13,24;0;1
561;64;0;0;9;1;4;1;13,24;0;1
562;69;1;1;7;1;3;2;13,26;0;1
563;72;1;0;9;1;2;2;13,26;0;1
564;68;0;1;14;0;3;1;13,27;0;1
565;62;0;1;11;1;4;1;13,28;0;1
566;64;0;1;12;0;2;2;13,31;1;1
567;76;0;0;12;1;2;1;13,31;1;1
568;78;0;0;8;1;4;1;13,32;0;1
569;66;0;1;12;1;4;1;13,32;0;1
570;67;0;1;12;0;2;2;13,34;0;1
571;65;0;1;8;1;4;1;13,34;0;1
572;68;0;1;13;0;4;1;13,35;1;1
573;66;0;0;6;1;2;1;13,35;0;1
574;59;0;1;9;1;5;2;13,36;0;1
575;68;0;1;10;0;4;1;13,36;0;1
576;65;0;0;11;1;3;1;13,36;0;1
577;65;0;1;14;0;1;2;13,37;1;1
578;67;0;1;10;0;3;1;13,39;1;1
579;63;0;0;6;1;2;2;13,39;0;1
580;71;1;0;13;0;3;1;13,40;0;1
581;65;1;1;8;0;3;2;13,40;0;1
582;65;0;1;12;0;1;1;13,41;1;1
583;57;0;1;10;0;4;1;13,44;0;1
584;67;0;1;12;0;3;2;13,45;0;1
585;61;0;1;14;1;4;1;13,51;0;1
586;67;0;1;12;0;1;1;13,55;1;1
587;68;0;0;14;0;3;1;13,56;1;1
588;59;0;0;12;1;4;2;13,62;0;1
589;63;0;0;9;1;4;1;13,62;0;1
590;66;0;1;10;0;2;2;13,75;0;1
591;71;0;1;12;0;5;2;13,78;0;1
592;59;1;1;8;1;1;2;13,80;0;1
593;69;1;0;5;1;3;1;13,80;0;1
594;65;0;1;14;0;3;1;13,80;1;1
595;70;0;0;11;1;3;2;13,80;0;1
596;67;0;1;12;1;2;2;13,80;0;1
597;64;0;1;12;0;3;2;13,81;0;1
598;69;0;1;9;1;5;2;13,82;0;1
599;68;0;1;9;1;3;1;13,83;1;1
600;66;0;0;10;0;1;1;13,84;0;1
601;64;0;0;12;1;4;2;13,86;0;1
602;67;0;1;13;1;2;1;13,86;0;1
603;67;0;1;12;0;2;1;13,89;0;1
604;68;1;1;0;1;5;2;13,91;0;1
605;77;0;0;13;0;3;2;13,91;0;1
606;68;1;1;12;1;3;1;13,92;0;1
607;64;0;0;8;1;4;1;13,92;0;1
608;75;1;0;12;1;3;1;13,92;0;1
609;60;0;1;8;1;3;2;13,92;0;1
610;79;0;1;10;1;2;1;14,00;0;1
611;68;0;0;6;1;4;1;14,02;0;1
612;68;0;1;8;1;3;1;14,02;0;1
613;58;0;0;14;1;5;2;14,02;1;1
614;62;0;1;9;1;4;1;14,04;0;1
615;65;0;1;10;1;1;2;14,04;0;1
616;64;0;0;3;1;4;1;14,04;0;1
617;68;0;0;12;1;2;1;14,04;0;1
618;72;0;0;11;1;5;1;14,04;1;1
619;68;1;1;12;0;2;1;14,05;1;1
620;65;0;0;12;1;2;1;14,08;1;1
621;65;0;1;10;1;1;2;14,08;1;1
622;65;0;1;8;0;3;1;14,10;1;1
623;65;0;1;12;0;4;2;14,12;0;1
624;59;0;0;12;0;3;2;14,12;0;1
625;67;1;0;4;1;4;2;14,13;0;1
626;68;0;1;8;0;3;1;14,13;0;1
627;78;1;0;12;1;2;1;14,15;0;1
628;67;1;1;3;1;3;2;14,15;0;1
629;65;0;0;12;0;3;2;14,17;0;1
630;68;0;1;12;1;4;2;14,20;0;1
631;71;0;1;7;1;3;2;14,20;0;1
632;67;0;1;9;0;2;2;14,21;1;1
633;65;0;1;16;0;4;1;14,24;0;1
634;64;1;0;4;1;3;2;14,25;1;1
635;67;1;1;2;1;4;1;14,25;0;1
636;72;0;0;12;1;3;1;14,32;0;1
637;71;0;1;10;0;4;2;14,36;1;1
638;67;0;1;9;0;2;1;14,36;0;1
639;66;0;1;12;1;3;2;14,40;0;1
640;66;0;1;12;1;4;2;14,40;0;1
641;68;1;0;13;0;2;1;14,40;0;1
642;67;0;0;10;1;2;1;14,40;0;1
643;69;0;0;5;1;3;1;14,40;0;1
644;70;0;0;4;1;4;1;14,40;0;1
645;69;0;0;13;1;3;2;14,43;0;2
646;69;0;0;17;1;2;1;14,46;0;2
647;68;0;1;10;0;5;1;14,50;0;2
648;73;0;0;16;0;2;1;14,50;0;2
649;65;1;0;1;1;3;2;14,51;0;2
650;73;1;0;10;1;4;2;14,52;0;2
651;65;1;1;3;1;4;2;14,52;0;2
652;68;0;1;13;0;1;1;14,52;0;2
653;65;0;1;10;0;4;1;14,53;0;2
654;67;0;1;16;1;3;1;14,54;0;2
655;66;0;0;16;1;3;1;14,54;0;2
656;68;0;0;5;1;3;1;14,58;0;2
657;66;0;1;11;1;3;1;14,58;0;2
658;66;0;0;12;1;4;1;14,60;0;2
659;74;0;0;7;1;3;1;14,62;0;2
660;68;0;1;12;1;5;1;14,62;0;2
661;53;0;1;12;1;2;2;14,63;0;2
662;69;0;1;9;1;4;1;14,64;0;2
663;66;0;1;14;0;2;1;14,67;0;2
664;65;0;1;12;0;3;1;14,68;0;2
665;63;0;0;11;1;2;1;14,72;0;2
666;64;1;1;6;1;4;2;14,76;0;2
667;64;0;0;12;1;5;2;14,76;0;2
668;52;1;0;3;1;5;2;14,76;0;2
669;66;0;1;11;1;4;1;14,77;0;2
670;78;0;0;7;1;3;1;14,77;0;2
671;74;0;0;10;0;2;2;14,80;0;2
672;66;0;1;12;0;3;1;14,82;1;2
673;71;1;0;12;1;1;1;14,84;0;2
674;67;1;1;14;1;2;1;14,84;0;2
675;67;0;1;11;1;3;2;14,89;1;2
676;68;0;0;6;0;2;2;14,90;0;2
677;67;0;0;12;1;2;1;14,90;0;2
678;69;0;0;17;0;3;1;14,93;0;2
679;58;0;0;12;0;5;2;14,96;1;2
680;66;0;1;12;0;1;1;14,97;0;2
681;62;0;1;12;0;3;1;14,98;1;2
682;60;0;0;12;0;4;2;14,98;0;2
683;65;0;1;13;0;1;1;15,00;1;2
684;67;1;0;6;1;2;2;15,00;0;2
685;69;0;1;12;0;2;1;15,03;1;2
686;69;0;0;12;1;4;1;15,04;1;2
687;60;0;0;12;1;5;2;15,10;0;2
688;66;0;1;14;1;3;1;15,10;1;2
689;60;1;1;15;0;3;2;15,13;0;2
690;68;0;1;8;1;4;2;15,13;1;2
691;72;0;0;12;1;2;1;15,15;0;2
692;66;0;1;14;1;1;2;15,15;0;2
693;65;1;0;10;0;2;1;15,20;0;2
694;54;0;1;14;1;4;2;15,22;0;2
695;63;0;1;12;1;4;2;15,24;0;2
696;65;0;1;12;0;3;1;15,26;0;2
697;64;0;0;10;1;4;1;15,27;0;2
698;64;0;0;8;0;4;1;15,32;1;2
699;66;1;0;10;1;4;1;15,34;0;2
700;66;1;1;8;1;2;2;15,35;0;2
701;70;1;0;8;1;5;1;15,35;0;2
702;67;0;1;12;0;5;2;15,35;0;2
703;61;0;1;10;1;4;1;15,36;1;2
704;67;0;0;8;1;4;1;15,36;1;2
705;66;0;1;7;0;4;2;15,36;0;2
706;65;0;0;12;0;1;1;15,38;0;2
707;67;1;1;9;0;4;1;15,38;0;2
708;65;0;0;14;0;4;1;15,40;0;2
709;65;1;1;3;0;1;1;15,44;0;2
710;67;0;1;16;1;2;1;15,47;0;2
711;68;0;1;10;0;4;2;15,48;1;2
712;63;0;1;10;0;1;1;15,48;1;2
713;68;0;0;5;1;2;1;15,49;0;2
714;66;0;1;9;0;4;1;15,49;0;2
715;68;0;1;14;0;1;2;15,50;0;2
716;66;0;0;11;1;2;2;15,50;0;2
717;65;0;0;7;1;2;1;15,52;0;2
718;65;0;1;10;1;2;2;15,52;0;2
719;61;0;0;12;1;3;2;15,52;1;2
720;65;0;1;9;0;4;1;15,55;1;2
721;67;0;1;12;0;4;1;15,59;1;2
722;71;0;0;12;0;4;2;15,59;0;2
723;69;0;1;13;1;2;2;15,60;0;2
724;70;0;0;12;1;3;1;15,60;0;2
725;68;0;1;15;0;2;1;15,62;0;2
726;70;0;0;8;1;2;1;15,66;0;2
727;68;0;1;9;1;2;1;15,66;0;2
728;69;0;0;8;1;3;1;15,67;1;2
729;66;0;1;9;1;4;2;15,67;1;2
730;66;0;1;11;0;4;2;15,68;1;2
731;68;0;1;12;0;2;2;15,70;0;2
732;67;0;0;16;1;3;1;15,75;0;2
733;67;0;1;13;0;1;1;15,77;0;2
734;65;0;0;6;1;3;1;15,78;0;2
735;69;0;1;12;0;2;1;15,80;0;2
736;64;0;0;12;0;1;2;15,80;0;2
737;65;0;1;14;0;3;1;15,81;1;2
738;65;0;1;12;1;3;2;15,83;0;2
739;68;0;0;14;1;3;1;15,83;0;2
740;65;0;0;17;1;1;1;15,85;0;2
741;69;0;1;15;1;5;2;15,85;0;2
742;68;0;1;8;1;2;2;15,88;1;2
743;79;0;0;8;1;2;1;15,88;1;2
744;65;0;1;7;1;4;2;15,90;0;2
745;64;0;0;10;1;3;1;15,94;0;2
746;65;0;1;10;1;4;2;15,94;0;2
747;69;0;1;14;0;3;2;15,94;0;2
748;66;0;0;12;1;5;1;15,95;1;2
749;68;0;1;13;0;3;1;15,98;1;2
750;68;1;0;8;1;4;1;16,00;0;2
751;65;0;1;12;0;5;1;16,03;0;2
752;69;0;1;12;1;1;1;16,08;0;2
753;77;0;0;9;1;4;1;16,08;0;2
754;68;0;1;14;0;4;1;16,09;0;2
755;58;0;0;3;1;4;2;16,09;0;2
756;65;0;1;12;0;4;2;16,19;0;2
757;67;0;1;8;0;4;1;16,20;0;2
758;66;0;1;12;0;3;1;16,22;0;2
759;70;0;0;12;0;1;1;16,22;0;2
760;64;0;0;12;1;5;2;16,24;0;2
761;65;0;1;7;1;5;2;16,24;0;2
762;55;1;1;12;1;4;2;16,26;0;2
763;66;0;0;10;1;4;1;16,27;0;2
764;65;0;0;12;1;4;2;16,28;0;2
765;63;0;1;15;1;3;2;16,28;0;2
766;67;0;0;10;0;2;1;16,30;0;2
767;65;0;1;8;1;3;1;16,31;0;2
768;62;0;0;9;1;4;2;16,31;0;2
769;66;0;0;11;1;3;1;16,32;0;2
770;75;0;0;16;1;4;1;16,33;0;2
771;69;0;0;13;0;4;1;16,37;0;2
772;68;0;1;11;0;2;2;16,40;0;2
773;76;0;0;7;1;5;1;16,44;0;2
774;69;0;1;11;1;5;2;16,44;0;2
775;66;0;0;14;1;3;1;16,46;1;2
776;65;0;1;12;0;2;1;16,50;0;2
777;69;0;0;8;1;4;1;16,53;1;2
778;72;0;0;9;0;2;1;16,54;0;2
779;71;0;0;8;1;3;2;16,58;0;2
780;64;0;1;12;1;3;2;16,58;0;2
781;65;0;1;12;0;2;1;16,65;0;2
782;71;0;0;9;0;3;1;16,68;1;2
783;66;0;0;12;0;5;1;16,70;0;2
784;68;0;1;12;0;3;2;16,74;0;2
785;71;0;0;16;0;3;1;16,75;1;2
786;67;0;1;8;1;3;2;16,75;1;2
787;68;0;0;7;1;3;1;16,75;0;2
788;68;0;0;8;1;1;1;16,76;0;2
789;66;0;1;10;1;2;2;16,76;0;2
790;65;0;0;8;1;5;1;16,76;0;2
791;71;0;0;10;1;2;1;16,80;0;2
792;67;0;0;16;1;2;1;16,80;1;2
793;68;0;1;12;0;4;1;16,80;0;2
794;68;1;0;12;0;2;1;16,81;0;2
795;59;0;1;12;1;4;2;16,86;0;2
796;58;0;1;10;1;4;2;16,88;0;2
797;67;0;0;14;0;3;2;16,88;1;2
798;59;0;0;12;1;5;1;16,93;0;2
799;65;0;1;10;1;4;1;16,94;1;2
800;66;0;1;12;0;3;2;16,98;1;2
801;59;0;0;12;0;4;2;17,00;0;2
802;65;0;1;12;0;4;2;17,00;1;2
803;73;0;0;4;1;4;1;17,00;1;2
804;61;0;1;12;1;5;2;17,00;1;2
805;68;0;1;16;0;2;1;17,08;1;2
806;67;0;1;12;1;5;1;17,09;0;2
807;69;0;0;13;1;2;1;17,09;0;2
808;68;0;0;3;1;4;1;17,11;0;2
809;65;0;1;12;1;3;2;17,11;0;2
810;69;0;0;11;1;4;1;17,14;0;2
811;58;0;0;10;1;4;2;17,18;1;2
812;73;0;0;12;1;1;1;17,19;0;2
813;60;1;0;13;0;5;2;17,20;0;2
814;65;0;1;5;0;2;2;17,20;1;2
815;61;0;0;9;1;2;2;17,20;0;2
816;65;0;1;8;1;5;2;17,21;0;2
817;67;1;1;16;0;5;1;17,21;1;2
818;67;0;0;6;1;1;1;17,21;0;2
819;68;0;0;12;1;5;1;17,25;0;2
820;62;0;1;12;1;5;2;17,25;0;2
821;62;1;1;4;0;5;2;17,26;0;2
822;70;0;0;11;1;2;1;17,28;0;2
823;62;1;0;12;1;4;2;17,28;0;2
824;72;1;0;7;1;2;1;17,28;0;2
825;65;1;1;8;1;4;2;17,28;0;2
826;69;0;0;3;0;3;1;17,29;0;2
827;66;1;0;11;0;4;1;17,32;0;2
828;68;0;1;16;0;3;1;17,34;0;2
829;58;0;1;10;1;4;2;17,38;0;2
830;66;0;0;10;1;1;1;17,38;0;2
831;74;0;0;6;1;4;1;17,39;0;2
832;75;0;0;7;1;4;1;17,40;1;2
833;68;0;1;12;1;3;1;17,40;1;2
834;66;0;0;8;0;3;2;17,43;0;2
835;67;0;0;11;1;2;1;17,44;1;2
836;65;0;1;10;0;4;1;17,48;1;2
837;67;0;1;12;0;1;1;17,54;1;2
838;65;0;0;12;1;4;2;17,54;1;2
839;68;0;0;11;1;4;1;17,54;0;2
840;68;0;1;12;1;2;2;17,55;0;2
841;68;0;0;16;1;2;1;17,55;0;2
842;67;0;1;12;1;3;2;17,57;0;2
843;71;0;0;12;1;3;1;17,57;0;2
844;58;0;0;9;1;5;1;17,57;0;2
845;59;0;1;12;0;4;2;17,58;0;2
846;70;0;0;10;1;4;1;17,60;1;2
847;68;0;0;10;1;3;1;17,60;0;2
848;66;0;1;11;1;3;2;17,60;0;2
849;67;0;0;15;1;4;1;17,62;0;2
850;65;0;1;12;0;3;2;17,62;0;2
851;59;0;1;12;0;4;2;17,62;0;2
852;65;0;1;10;0;2;2;17,66;0;2
853;69;0;1;12;0;4;1;17,69;0;2
854;76;0;0;8;1;5;1;17,70;0;2
855;72;0;1;9;1;3;2;17,74;0;2
856;60;0;0;6;1;5;2;17,75;0;2
857;66;0;1;16;0;2;1;17,77;1;2
858;67;0;1;12;0;5;1;17,77;1;2
859;67;0;0;17;1;2;1;17,78;0;2
860;60;0;1;12;0;3;2;17,80;0;2
861;66;0;0;17;0;2;1;17,81;1;2
862;65;1;0;7;0;3;1;17,94;0;2
863;71;0;0;8;1;4;1;17,96;0;2
864;66;0;1;12;1;4;1;17,96;0;2
865;62;0;0;12;1;5;2;17,97;1;2
866;70;0;0;10;1;2;1;17,98;0;2
867;65;0;1;9;1;5;2;17,98;0;2
868;70;0;0;3;1;3;1;17,99;0;2
869;70;0;1;12;0;3;1;18,00;0;2
870;69;0;0;16;1;1;1;18,00;0;2
871;63;0;1;16;1;1;1;18,00;0;2
872;65;0;0;8;1;3;2;18,02;0;2
873;68;0;1;12;1;4;2;18,02;1;2
874;72;0;0;11;1;3;1;18,02;1;2
875;66;1;0;3;1;4;2;18,05;0;2
876;69;1;1;6;1;4;1;18,05;0;2
877;69;0;1;12;0;2;2;18,06;0;2
878;59;0;1;7;1;4;2;18,12;0;2
879;67;0;1;15;0;2;1;18,13;0;2
880;67;1;1;16;0;3;2;18,14;0;2
881;74;0;0;10;1;4;1;18,15;0;2
882;66;0;1;12;1;4;2;18,15;0;2
883;62;1;1;6;1;3;2;18,19;0;2
884;68;0;1;10;1;3;2;18,24;0;2
885;65;0;1;12;0;2;1;18,25;1;2
886;65;0;1;14;0;2;1;18,26;1;2
887;67;0;1;12;0;2;1;18,39;0;2
888;67;0;1;12;0;2;1;18,39;0;2
889;66;0;1;14;0;3;1;18,40;1;2
890;65;0;1;12;0;2;2;18,40;1;2
891;71;0;1;14;0;3;1;18,41;1;2
892;66;0;1;7;0;3;2;18,44;0;2
893;65;0;0;8;1;3;1;18,48;0;2
894;69;0;1;11;0;4;2;18,50;0;2
895;70;0;0;17;1;4;1;18,51;0;2
896;67;0;1;12;1;3;2;18,51;0;2
897;63;0;0;2;0;5;2;18,51;0;2
898;67;0;0;11;0;2;1;18,51;1;2
899;67;0;0;16;1;1;1;18,56;1;2
900;65;0;1;14;1;3;1;18,56;0;2
901;62;0;0;5;1;2;1;18,56;0;2
902;70;0;1;12;1;2;1;18,56;0;2
903;67;0;1;17;1;1;1;18,60;1;2
904;74;0;0;14;1;2;1;18,60;0;2
905;66;0;1;9;0;1;2;18,60;0;2
906;68;0;1;16;0;3;1;18,61;1;2
907;65;0;1;12;1;2;1;18,61;1;2
908;58;0;1;10;1;4;2;18,62;0;2
909;69;0;1;8;0;3;1;18,62;1;2
910;69;0;0;9;1;4;1;18,65;1;2
911;60;0;1;14;0;4;2;18,67;0;2
912;65;0;0;11;1;4;2;18,69;0;2
913;60;0;1;8;0;5;1;18,70;0;2
914;76;0;0;12;1;4;1;18,74;0;2
915;65;0;1;11;1;3;2;18,74;0;2
916;66;0;1;13;0;3;1;18,77;1;2
917;57;0;1;12;0;2;2;18,77;0;2
918;66;0;1;14;0;2;2;18,78;0;2
919;60;0;0;12;1;2;2;18,79;1;2
920;66;0;0;12;0;3;1;18,80;1;2
921;68;0;0;12;1;2;1;18,80;1;2
922;72;0;0;12;1;3;1;18,81;0;2
923;71;0;0;12;1;2;1;18,82;0;2
924;65;0;1;11;0;3;1;18,84;0;2
925;65;0;1;12;0;3;2;18,86;0;2
926;67;0;0;14;0;4;1;18,88;0;2
927;68;0;1;16;0;4;1;18,92;0;2
928;69;0;1;12;1;3;2;18,96;0;2
929;73;0;0;6;1;1;1;18,96;0;2
930;67;0;0;14;0;3;1;18,96;0;2
931;68;0;1;12;1;2;1;18,97;1;2
932;71;0;0;16;1;4;1;18,97;0;2
933;67;1;1;4;1;4;1;18,98;0;2
934;70;1;0;6;1;4;1;18,98;0;2
935;59;0;1;12;1;4;2;19,00;0;2
936;71;0;0;10;1;3;1;19,00;1;2
937;65;0;0;11;1;1;1;19,00;0;2
938;65;0;0;10;1;5;2;19,00;0;2
939;67;0;0;11;0;1;1;19,03;0;2
940;66;0;1;12;0;3;1;19,05;0;2
941;60;0;0;17;1;5;2;19,05;0;2
942;65;0;1;12;1;4;1;19,05;0;2
943;65;0;1;12;0;3;2;19,09;1;2
944;59;0;1;7;0;4;2;19,09;1;2
945;59;0;0;8;1;4;2;19,13;0;2
946;66;0;1;12;0;2;1;19,13;0;2
947;66;0;1;12;0;2;2;19,14;0;2
948;68;0;1;9;0;3;1;19,15;0;2
949;72;0;0;8;1;4;1;19,15;0;2
950;67;0;1;12;0;5;1;19,20;1;2
951;68;0;1;12;1;2;1;19,20;0;2
952;72;0;0;16;1;4;1;19,20;0;2
953;67;0;0;12;0;3;1;19,23;0;2
954;65;0;1;12;0;2;1;19,27;0;2
955;65;0;1;10;0;4;2;19,27;0;2
956;66;0;1;9;0;4;2;19,28;1;2
957;72;0;0;14;1;3;1;19,28;1;2
958;68;0;1;12;1;5;1;19,28;1;2
959;56;0;1;9;1;5;2;19,30;0;2
960;69;0;1;10;1;4;1;19,30;0;2
961;68;0;1;12;0;3;1;19,31;1;2
962;68;0;1;12;0;2;1;19,38;0;2
963;66;0;1;15;0;1;1;19,39;0;2
964;76;0;0;11;0;3;1;19,39;1;2
965;68;0;1;11;0;3;2;19,40;1;2
966;68;0;0;10;1;2;1;19,40;0;2
967;71;0;0;12;1;1;2;19,40;1;2
968;65;1;1;6;1;5;2;19,44;0;2
969;66;0;1;8;1;4;1;19,44;0;2
970;81;0;0;6;1;4;1;19,44;0;2
971;69;1;1;0;0;4;1;19,44;0;2
972;67;0;0;12;1;3;1;19,44;0;2
973;68;0;1;12;0;3;2;19,46;0;2
974;68;0;0;10;0;2;1;19,52;1;2
975;68;0;1;11;0;1;1;19,54;0;2
976;68;0;1;7;1;2;2;19,54;0;2
977;71;0;0;3;1;5;1;19,54;0;2
978;73;0;0;12;1;2;1;19,55;1;2
979;58;0;1;12;1;4;2;19,55;1;2
980;66;0;1;12;0;2;2;19,56;0;2
981;80;1;0;12;1;5;1;19,56;0;2
982;67;0;0;16;1;3;1;19,56;1;2
983;65;0;1;12;0;4;2;19,56;0;2
984;68;1;1;14;0;4;1;19,59;0;2
985;67;0;0;14;1;4;1;19,60;0;2
986;68;0;0;12;0;2;1;19,60;0;2
987;65;0;1;12;1;3;1;19,60;0;2
988;68;0;1;17;0;4;1;19,64;1;2
989;66;0;0;9;1;3;1;19,65;0;2
990;58;0;1;12;1;5;2;19,66;0;2
991;67;1;1;12;0;2;1;19,68;0;2
992;63;0;1;12;1;3;1;19,68;0;2
993;67;0;1;12;0;2;1;19,68;0;2
994;66;0;1;12;1;3;1;19,71;0;2
995;65;0;1;11;0;3;2;19,74;0;2
996;67;0;1;17;1;3;1;19,75;0;2
997;68;0;1;12;1;4;1;19,80;0;2
998;67;0;0;12;1;2;1;19,80;0;2
999;76;0;0;11;1;3;1;19,80;0;2
1000;70;0;1;12;1;3;1;19,80;0;2
1001;66;0;1;12;0;1;1;19,82;1;2
1002;66;0;0;8;1;3;1;19,84;0;2
1003;52;0;0;12;1;3;2;19,85;0;2
1004;65;0;1;12;1;2;2;19,90;1;2
1005;69;0;0;12;1;3;1;19,90;1;2
1006;72;0;0;8;1;3;1;19,94;0;2
1007;67;0;1;12;1;2;1;19,94;0;2
1008;66;0;0;16;1;3;2;19,96;0;2
1009;52;0;1;14;1;3;2;19,96;0;2
1010;68;0;1;12;0;2;1;19,96;0;2
1011;66;0;1;12;1;2;1;19,99;0;2
1012;82;0;0;15;1;3;1;19,99;0;2
1013;69;0;1;10;0;2;2;20,00;0;2
1014;69;0;0;12;1;3;1;20,01;0;2
1015;67;0;1;9;1;1;1;20,01;0;2
1016;61;0;0;12;1;4;2;20,03;0;2
1017;64;0;0;14;1;3;1;20,04;0;2
1018;66;0;0;7;1;1;2;20,07;0;2
1019;65;0;0;12;1;4;1;20,07;0;2
1020;65;0;1;8;1;3;1;20,07;0;2
1021;68;1;0;2;1;3;1;20,12;0;2
1022;70;0;0;16;1;4;1;20,12;0;2
1023;72;0;1;12;0;3;2;20,19;0;2
1024;68;1;0;12;1;2;1;20,20;0;2
1025;60;1;0;12;1;5;2;20,24;0;2
1026;66;0;1;10;1;4;2;20,27;0;2
1027;67;0;0;12;1;5;1;20,27;0;2
1028;67;0;0;13;0;3;1;20,35;1;2
1029;69;0;0;15;1;1;1;20,38;0;2
1030;66;1;1;9;1;3;2;20,40;0;2
1031;69;0;0;7;0;3;2;20,40;1;2
1032;66;1;1;8;1;4;1;20,40;0;2
1033;65;0;0;12;0;2;1;20,40;0;2
1034;66;0;0;3;1;2;1;20,45;1;2
1035;72;0;0;12;1;2;2;20,46;1;2
1036;67;0;1;12;1;2;1;20,46;1;2
1037;68;0;1;12;0;4;1;20,47;0;2
1038;72;0;0;12;0;2;1;20,50;0;2
1039;71;0;0;10;1;3;1;20,53;1;2
1040;66;0;1;12;1;2;2;20,53;0;2
1041;69;0;1;12;1;3;2;20,54;0;2
1042;75;0;0;5;1;5;1;20,56;1;2
1043;69;0;1;9;1;3;2;20,56;1;2
1044;65;0;1;14;1;3;2;20,56;1;2
1045;67;0;1;12;0;2;1;20,59;1;2
1046;66;0;1;12;1;3;1;20,61;0;2
1047;66;0;0;12;1;2;1;20,61;0;2
1048;73;0;0;8;1;2;1;20,63;0;2
1049;69;0;1;12;1;2;2;20,63;0;2
1050;70;1;0;11;1;3;2;20,64;0;2
1051;67;1;1;6;1;3;1;20,64;0;2
1052;63;0;1;13;0;5;1;20,64;1;2
1053;65;0;1;12;0;2;2;20,64;1;2
1054;73;0;0;12;1;4;1;20,65;1;2
1055;66;0;0;12;1;3;1;20,69;1;2
1056;60;0;0;6;1;4;2;20,69;0;2
1057;68;0;1;16;0;2;1;20,70;1;2
1058;58;0;1;9;0;2;2;20,74;1;2
1059;65;0;0;12;1;2;1;20,79;1;2
1060;59;1;0;12;1;3;2;20,81;1;2
1061;65;0;1;12;1;3;2;20,82;0;2
1062;69;0;0;12;1;4;1;20,82;0;2
1063;58;0;0;10;1;5;2;20,89;1;2
1064;68;0;0;10;1;2;1;20,89;1;2
1065;67;0;0;9;1;4;1;20,89;0;2
1066;67;0;1;12;1;4;2;20,89;1;2
1067;71;0;0;8;1;4;1;20,90;1;2
1068;68;0;1;10;1;3;2;20,90;1;2
1069;68;0;1;9;1;2;1;20,90;1;2
1070;70;0;0;12;1;2;1;20,90;0;2
1071;73;0;0;9;1;3;1;20,95;0;2
1072;65;0;1;14;0;1;1;20,98;1;2
1073;65;0;1;13;1;2;1;20,98;0;2
1074;68;0;0;12;1;5;1;20,99;1;2
1075;68;0;1;12;0;1;1;21,01;1;2
1076;67;0;0;11;1;3;1;21,04;0;2
1077;70;0;1;12;1;3;1;21,04;0;2
1078;69;0;0;12;1;2;1;21,07;1;2
1079;65;0;0;12;1;2;1;21,18;0;2
1080;66;0;1;14;0;1;1;21,19;1;2
1081;64;0;0;15;0;4;2;21,29;1;2
1082;69;0;1;12;1;4;1;21,30;0;2
1083;73;0;0;12;1;3;1;21,30;0;2
1084;67;0;1;14;0;3;1;21,32;0;2
1085;64;0;0;7;1;4;1;21,32;0;2
1086;68;0;1;13;0;3;2;21,34;1;2
1087;66;0;0;9;1;1;1;21,36;0;2
1088;69;1;1;14;1;3;1;21,38;0;2
1089;68;0;0;16;1;2;1;21,38;0;2
1090;66;0;1;12;0;3;2;21,43;0;2
1091;67;0;1;15;0;4;2;21,46;1;2
1092;61;0;1;12;1;4;2;21,47;0;2
1093;74;0;0;14;1;3;2;21,47;0;2
1094;67;0;0;12;1;2;1;21,47;1;2
1095;66;0;0;12;0;4;2;21,51;0;2
1096;66;0;1;13;0;2;2;21,51;0;2
1097;67;0;0;11;1;2;1;21,56;0;2
1098;67;0;1;3;1;1;1;21,60;1;2
1099;65;0;1;12;0;3;1;21,60;1;2
1100;65;0;1;12;1;2;1;21,60;0;2
1101;65;0;1;10;0;3;1;21,60;1;2
1102;65;1;0;8;1;4;1;21,60;1;2
1103;67;0;0;14;1;1;1;21,60;1;2
1104;66;0;0;11;1;5;1;21,60;0;2
1105;58;1;0;5;1;3;2;21,60;0;2
1106;76;0;0;6;1;4;1;21,60;1;2
1107;86;0;0;12;1;3;1;21,60;0;2
1108;68;0;0;7;1;3;1;21,61;0;2
1109;68;0;1;12;0;3;1;21,69;0;2
1110;66;1;1;6;0;4;2;21,70;1;2
1111;67;0;1;12;1;2;1;21,71;0;2
1112;68;0;0;12;1;4;1;21,71;0;2
1113;68;0;0;12;1;3;1;21,72;1;2
1114;68;0;0;12;1;3;1;21,73;0;2
1115;70;0;0;9;0;2;1;21,77;0;2
1116;68;0;0;8;1;3;1;21,83;1;2
1117;70;0;0;9;1;4;1;21,84;1;2
1118;66;0;1;12;1;5;1;21,84;1;2
1119;67;0;1;12;0;1;2;21,84;1;2
1120;81;1;0;10;1;4;2;21,87;0;2
1121;68;0;1;12;0;3;2;21,90;1;2
1122;69;0;1;14;1;2;2;21,96;1;2
1123;69;0;0;12;1;2;1;21,96;1;2
1124;65;0;0;15;0;3;1;21,97;0;2
1125;66;0;1;13;0;2;2;22,00;1;2
1126;67;0;1;13;1;3;2;22,03;0;2
1127;65;0;1;9;1;3;2;22,03;0;2
1128;66;0;0;12;0;5;2;22,04;0;2
1129;70;0;0;15;1;3;1;22,04;0;2
1130;67;0;1;16;1;1;1;22,04;0;2
1131;67;0;0;10;1;1;1;22,04;1;2
1132;64;0;0;7;1;4;2;22,06;0;2
1133;79;0;0;12;1;3;1;22,08;1;2
1134;68;0;1;12;1;3;2;22,08;1;2
1135;70;0;0;10;1;1;1;22,10;0;2
1136;69;0;1;12;0;3;2;22,10;1;2
1137;66;0;1;12;1;3;2;22,10;0;2
1138;67;0;1;12;0;2;2;22,10;0;2
1139;58;0;1;9;0;4;2;22,11;1;2
1140;66;0;0;8;1;4;1;22,13;1;2
1141;68;0;1;12;0;1;1;22,14;0;2
1142;68;0;0;12;1;2;1;22,20;1;2
1143;66;0;0;12;1;3;1;22,21;1;2
1144;59;0;1;17;0;4;2;22,22;0;2
1145;66;0;1;11;1;3;2;22,26;0;2
1146;74;0;0;9;1;1;1;22,26;0;2
1147;70;0;0;14;1;3;1;22,26;0;2
1148;69;0;1;16;1;2;1;22,26;0;2
1149;65;0;1;10;1;3;1;22,27;0;2
1150;74;0;0;12;1;3;1;22,27;1;2
1151;65;0;0;11;1;2;1;22,28;1;2
1152;63;0;1;10;1;4;1;22,28;0;2
1153;67;0;0;12;1;3;1;22,28;0;2
1154;68;0;0;14;1;3;1;22,28;0;2
1155;67;0;0;11;1;2;2;22,38;0;2
1156;66;0;1;12;1;3;1;22,38;0;2
1157;68;0;0;8;1;2;1;22,40;0;2
1158;65;0;1;11;1;1;2;22,40;0;2
1159;68;0;1;11;1;3;1;22,44;0;2
1160;65;0;0;12;1;3;2;22,44;0;2
1161;70;0;1;12;1;5;2;22,44;0;2
1162;62;0;1;12;1;4;2;22,44;0;2
1163;68;0;0;12;1;3;1;22,44;0;2
1164;71;0;0;10;1;2;1;22,44;0;2
1165;65;0;1;12;0;2;2;22,49;0;2
1166;65;1;0;6;1;5;1;22,50;0;2
1167;67;0;1;12;1;3;2;22,53;0;2
1168;67;0;0;4;1;5;1;22,53;0;2
1169;68;0;0;11;1;3;1;22,61;1;2
1170;67;0;0;3;0;4;2;22,62;0;2
1171;65;0;1;14;0;3;1;22,63;0;2
1172;66;0;0;13;1;2;1;22,63;0;2
1173;70;0;0;11;1;4;2;22,64;0;2
1174;66;0;1;11;1;4;1;22,64;0;2
1175;67;0;1;16;0;3;2;22,64;1;2
1176;61;0;0;12;0;4;1;22,64;1;2
1177;68;0;0;7;1;4;2;22,66;0;2
1178;67;0;0;14;1;4;1;22,66;0;2
1179;67;0;1;11;1;2;2;22,68;0;2
1180;73;0;0;10;1;3;1;22,71;0;2
1181;61;1;0;6;1;3;2;22,72;1;2
1182;67;0;1;11;0;3;2;22,72;1;2
1183;69;0;1;12;1;2;1;22,75;0;2
1184;72;0;0;11;1;2;1;22,75;0;2
1185;67;0;0;6;1;2;2;22,78;0;2
1186;79;0;0;16;1;2;1;22,80;0;2
1187;70;0;0;8;0;3;1;22,80;1;2
1188;75;0;0;7;1;3;1;22,80;0;2
1189;66;0;1;14;1;3;1;22,80;0;2
1190;65;0;0;13;1;3;1;22,80;0;2
1191;67;0;1;12;0;1;2;22,86;0;2
1192;68;0;1;9;1;3;2;22,86;0;2
1193;75;0;0;4;1;3;1;22,86;0;2
1194;66;0;0;3;1;4;2;22,90;1;2
1195;61;0;1;10;1;5;1;22,90;1;2
1196;68;0;0;8;1;2;1;22,92;1;2
1197;69;0;1;12;1;1;1;22,92;0;2
1198;65;0;0;12;1;4;1;22,92;1;2
1199;62;0;1;14;0;3;2;23,00;0;2
1200;66;0;0;12;1;1;1;23,00;1;2
1201;66;0;0;12;1;3;2;23,00;0;2
1202;67;0;0;11;1;2;2;23,00;0;2
1203;67;0;1;12;1;2;1;23,00;1;2
1204;65;0;1;10;1;3;2;23,00;0;2
1205;75;0;0;10;1;3;2;23,00;1;2
1206;68;0;0;8;1;4;1;23,03;0;2
1207;65;0;1;11;0;3;1;23,04;0;2
1208;74;0;0;12;1;3;1;23,06;1;2
1209;69;1;0;12;1;1;1;23,08;1;2
1210;61;0;1;16;1;2;2;23,10;0;2
1211;68;0;0;12;1;5;2;23,10;0;2
1212;72;0;0;11;0;2;2;23,12;0;2
1213;63;0;0;12;1;1;1;23,13;0;2
1214;62;0;1;12;0;4;2;23,17;0;2
1215;69;0;1;12;0;2;1;23,18;1;2
1216;70;0;0;11;1;4;1;23,20;1;2
1217;69;0;0;13;0;4;1;23,23;1;2
1218;65;1;0;8;1;4;1;23,32;0;2
1219;72;0;0;8;1;3;1;23,40;0;2
1220;69;0;0;12;1;4;1;23,45;0;2
1221;65;0;0;12;0;3;1;23,48;1;2
1222;67;0;0;9;1;3;1;23,49;1;2
1223;69;0;1;13;1;3;1;23,49;0;2
1224;65;0;0;11;1;1;1;23,50;1;2
1225;67;0;1;12;1;4;1;23,52;1;2
1226;74;0;0;11;1;1;1;23,52;1;2
1227;68;0;1;12;0;4;2;23,52;0;2
1228;67;0;1;11;0;2;1;23,58;0;2
1229;67;0;1;16;0;2;1;23,58;1;2
1230;68;0;0;12;0;4;1;23,59;0;2
1231;68;0;0;12;1;4;1;23,63;1;2
1232;60;0;1;12;1;5;1;23,63;1;2
1233;66;0;0;9;1;3;2;23,63;1;2
1234;65;0;1;9;1;3;2;23,63;0;2
1235;68;0;1;12;0;3;2;23,66;1;2
1236;65;0;1;14;0;2;1;23,67;1;2
1237;66;0;1;15;0;3;1;23,76;0;2
1238;69;0;0;10;1;3;1;23,78;0;2
1239;67;0;0;14;0;2;1;23,83;0;2
1240;65;0;1;15;0;3;2;23,84;1;2
1241;65;1;0;3;1;4;1;23,93;0;2
1242;65;0;1;12;0;2;2;23,95;1;2
1243;69;0;0;7;1;5;1;23,98;0;2
1244;72;0;1;7;1;5;1;23,98;0;2
1245;64;0;1;16;1;3;1;24,00;0;2
1246;64;0;0;15;0;4;1;24,00;0;2
1247;67;0;0;12;1;2;1;24,01;1;2
1248;73;0;0;16;1;2;1;24,02;0;2
1249;66;0;1;13;1;2;2;24,02;0;2
1250;69;0;0;12;0;2;1;24,02;0;2
1251;68;0;0;12;1;4;2;24,04;0;2
1252;79;0;1;0;1;5;2;24,05;0;2
1253;67;0;1;11;0;3;2;24,06;0;2
1254;66;0;1;12;1;3;2;24,10;1;2
1255;67;0;0;12;1;3;2;24,10;1;2
1256;67;0;0;9;0;4;2;24,12;1;2
1257;66;0;1;12;1;3;1;24,14;0;2
1258;67;0;1;9;1;3;2;24,16;0;2
1259;69;1;0;17;1;3;2;24,16;0;2
1260;64;0;0;10;1;4;2;24,18;0;2
1261;68;0;0;8;1;3;1;24,19;0;2
1262;65;0;1;9;1;5;1;24,25;0;2
1263;68;0;0;10;1;3;1;24,26;0;2
1264;66;0;0;8;1;2;1;24,30;0;2
1265;77;0;0;9;1;3;1;24,30;0;2
1266;67;0;1;12;1;4;1;24,30;0;2
1267;66;0;0;12;1;3;1;24,30;0;2
1268;65;0;1;13;1;2;2;24,30;0;2
1269;64;0;1;12;1;1;2;24,31;0;2
1270;67;0;1;12;0;2;1;24,32;0;2
1271;72;1;0;12;1;2;1;24,34;0;2
1272;67;1;1;11;1;4;1;24,34;0;2
1273;68;0;1;7;0;4;1;24,35;0;2
1274;69;0;1;9;1;2;1;24,35;0;2
1275;68;0;1;12;1;3;1;24,36;1;2
1276;73;1;0;11;1;2;2;24,38;0;2
1277;66;0;1;13;0;3;2;24,39;0;2
1278;65;0;1;12;1;1;2;24,40;1;2
1279;67;0;1;13;0;3;2;24,46;1;2
1280;66;1;1;10;1;4;1;24,48;0;2
1281;68;0;0;16;1;4;1;24,48;0;2
1282;69;0;0;10;1;4;1;24,48;1;2
1283;71;0;0;13;1;3;1;24,58;1;3
1284;67;0;0;13;1;3;1;24,60;0;3
1285;70;0;1;12;1;3;1;24,60;0;3
1286;69;0;0;12;1;2;1;24,61;1;3
1287;69;0;0;16;1;3;1;24,68;0;3
1288;68;0;1;6;0;3;2;24,70;0;3
1289;68;0;1;12;1;2;1;24,82;1;3
1290;68;0;0;12;1;2;1;24,82;1;3
1291;68;0;0;12;1;4;1;24,84;1;3
1292;65;0;1;12;1;3;2;24,84;1;3
1293;65;0;1;12;1;3;2;24,84;0;3
1294;60;0;0;9;1;3;1;24,87;0;3
1295;71;0;0;12;1;3;1;24,90;1;3
1296;66;0;1;12;0;1;2;24,92;1;3
1297;60;0;0;12;1;4;2;24,94;0;3
1298;71;0;0;12;1;4;1;24,98;0;3
1299;66;0;1;12;1;3;2;24,98;0;3
1300;69;0;0;12;1;2;1;25,00;1;3
1301;65;0;0;16;0;2;2;25,00;1;3
1302;53;1;1;8;1;4;2;25,02;0;3
1303;68;0;0;11;0;1;1;25,04;1;3
1304;66;0;1;12;0;4;2;25,06;1;3
1305;75;0;0;17;1;1;1;25,10;0;3
1306;73;0;0;16;1;1;1;25,12;1;3
1307;65;0;1;16;1;3;1;25,12;1;3
1308;67;0;0;17;0;3;1;25,18;0;3
1309;68;0;1;17;0;2;1;25,26;0;3
1310;65;1;0;3;1;4;1;25,27;0;3
1311;69;0;1;11;1;2;1;25,27;0;3
1312;72;0;0;8;1;3;1;25,27;0;3
1313;67;0;1;12;1;2;1;25,36;0;3
1314;74;0;0;12;1;4;1;25,36;0;3
1315;68;0;0;15;0;2;1;25,39;1;3
1316;69;0;0;8;1;5;1;25,42;1;3
1317;68;0;1;11;0;3;1;25,43;1;3
1318;68;0;1;7;1;3;1;25,43;0;3
1319;71;0;0;12;1;3;1;25,44;0;3
1320;68;0;1;12;1;1;1;25,44;0;3
1321;59;0;1;15;1;4;2;25,47;0;3
1322;65;0;1;15;0;2;1;25,47;1;3
1323;67;0;0;16;1;2;1;25,50;0;3
1324;66;0;1;12;1;2;1;25,50;0;3
1325;66;0;1;16;1;2;1;25,50;0;3
1326;72;0;0;13;1;3;1;25,50;0;3
1327;70;0;0;9;1;4;1;25,56;0;3
1328;66;0;1;12;1;2;2;25,56;0;3
1329;65;0;1;14;1;5;1;25,57;1;3
1330;68;0;0;12;0;2;1;25,58;1;3
1331;65;1;0;12;1;1;1;25,58;0;3
1332;65;0;1;12;0;2;2;25,62;1;3
1333;68;0;1;12;0;2;2;25,64;0;3
1334;70;0;0;12;1;1;1;25,66;0;3
1335;66;0;1;13;1;2;2;25,66;0;3
1336;67;0;1;9;1;2;1;25,72;1;3
1337;64;0;1;12;1;1;1;25,72;0;3
1338;70;0;0;9;1;3;1;25,72;1;3
1339;68;0;0;17;0;2;1;25,73;1;3
1340;67;0;0;12;1;3;1;25,74;0;3
1341;65;0;1;12;1;3;2;25,74;0;3
1342;66;0;1;12;1;2;1;25,80;0;3
1343;74;0;0;8;1;3;1;25,80;0;3
1344;68;0;1;12;0;2;1;25,84;1;3
1345;63;0;0;12;1;4;1;25,86;1;3
1346;67;0;1;10;1;2;2;25,93;0;3
1347;71;0;0;12;1;2;1;25,93;0;3
1348;68;0;1;13;0;1;2;25,94;0;3
1349;72;0;0;8;0;3;1;25,94;1;3
1350;65;0;1;16;1;2;2;25,96;0;3
1351;69;0;0;11;1;4;1;26,00;0;3
1352;69;0;1;12;1;4;1;26,00;0;3
1353;65;0;1;12;0;2;2;26,00;1;3
1354;67;0;1;13;0;3;2;26,06;1;3
1355;65;0;0;12;1;3;1;26,06;0;3
1356;65;0;1;12;1;3;1;26,06;0;3
1357;69;0;0;17;1;3;1;26,09;0;3
1358;68;0;1;14;1;1;1;26,09;0;3
1359;65;0;1;12;0;4;1;26,11;0;3
1360;67;0;1;12;1;2;2;26,14;1;3
1361;73;0;0;12;1;2;1;26,14;1;3
1362;67;0;0;6;1;4;1;26,15;1;3
1363;67;0;0;13;0;3;2;26,16;1;3
1364;63;0;0;12;1;5;2;26,18;1;3
1365;67;0;0;17;1;3;1;26,18;1;3
1366;69;0;1;17;1;2;1;26,18;1;3
1367;65;0;0;14;1;2;1;26,20;1;3
1368;66;0;0;14;0;1;2;26,22;0;3
1369;75;0;0;14;0;4;1;26,24;0;3
1370;65;0;0;12;1;2;1;26,25;0;3
1371;65;0;1;12;1;1;1;26,33;1;3
1372;67;0;0;14;1;2;1;26,33;0;3
1373;66;0;1;12;1;2;2;26,35;1;3
1374;70;0;0;11;1;3;1;26,35;1;3
1375;69;0;1;12;1;3;1;26,38;0;3
1376;69;0;0;11;1;3;1;26,38;0;3
1377;67;0;1;12;0;3;2;26,39;1;3
1378;59;0;0;12;0;4;2;26,40;0;3
1379;60;0;0;11;1;3;2;26,42;0;3
1380;65;0;1;12;0;2;1;26,48;0;3
1381;65;0;1;12;1;2;1;26,50;1;3
1382;66;0;1;12;1;2;2;26,54;1;3
1383;71;0;0;12;1;1;1;26,54;1;3
1384;71;1;0;6;1;2;2;26,59;1;3
1385;70;1;0;0;1;1;2;26,60;0;3
1386;72;0;0;14;1;3;1;26,64;1;3
1387;67;0;1;12;1;3;1;26,64;1;3
1388;78;1;0;17;0;1;1;26,65;1;3
1389;66;0;0;12;0;1;1;26,65;0;3
1390;65;0;1;12;1;3;2;26,65;0;3
1391;61;0;1;8;1;4;2;26,66;0;3
1392;66;0;1;13;1;1;2;26,70;1;3
1393;67;0;0;16;1;2;1;26,70;1;3
1394;70;0;0;13;1;2;1;26,70;0;3
1395;69;0;1;13;1;2;2;26,70;0;3
1396;64;0;0;12;0;3;2;26,74;0;3
1397;69;0;0;12;0;2;2;26,75;1;3
1398;66;0;1;11;0;2;2;26,75;1;3
1399;65;0;1;12;1;2;1;26,78;0;3
1400;66;0;0;13;1;1;1;26,78;0;3
1401;72;0;0;12;1;3;1;26,83;0;3
1402;66;0;0;17;0;1;1;26,84;1;3
1403;69;0;0;12;0;2;1;26,85;1;3
1404;68;0;1;14;0;2;2;26,96;1;3
1405;68;0;1;14;1;2;1;26,99;0;3
1406;69;0;0;12;1;3;1;26,99;0;3
1407;67;0;0;5;1;4;1;27,00;1;3
1408;65;0;0;9;1;4;2;27,02;1;3
1409;69;0;1;7;1;4;1;27,02;1;3
1410;76;0;0;12;1;3;1;27,05;0;3
1411;65;0;1;16;1;2;1;27,05;0;3
1412;67;0;0;16;0;4;2;27,12;0;3
1413;65;0;1;10;0;4;1;27,14;0;3
1414;67;0;1;12;1;2;1;27,18;1;3
1415;68;0;0;12;1;3;1;27,18;1;3
1416;62;0;1;12;0;3;2;27,20;1;3
1417;59;0;1;8;1;5;2;27,20;0;3
1418;67;0;0;7;1;3;2;27,20;0;3
1419;59;0;1;12;0;4;2;27,24;1;3
1420;65;0;0;12;1;4;1;27,25;1;3
1421;70;0;1;2;1;5;2;27,34;0;3
1422;65;0;1;17;0;2;2;27,34;1;3
1423;69;0;0;12;1;2;1;27,34;0;3
1424;68;0;1;12;1;5;1;27,37;0;3
1425;74;0;0;9;1;3;1;27,37;0;3
1426;65;0;1;12;1;2;2;27,42;0;3
1427;71;0;0;15;1;4;1;27,42;0;3
1428;65;0;0;10;1;2;1;27,44;0;3
1429;70;0;0;11;1;4;1;27,46;1;3
1430;60;1;0;16;1;5;1;27,47;0;3
1431;65;1;1;14;0;3;2;27,48;0;3
1432;70;0;1;11;1;5;1;27,49;0;3
1433;66;0;0;12;1;3;1;27,50;0;3
1434;66;0;1;10;0;3;2;27,56;0;3
1435;68;0;1;12;0;4;1;27,60;1;3
1436;73;0;0;6;1;1;1;27,60;0;3
1437;71;0;0;10;1;4;1;27,60;1;3
1438;66;0;1;12;1;1;2;27,60;0;3
1439;69;0;1;11;1;2;1;27,60;0;3
1440;65;0;1;12;1;4;2;27,60;1;3
1441;72;0;0;7;1;4;1;27,60;0;3
1442;68;0;1;12;1;3;1;27,60;0;3
1443;69;0;0;8;1;3;1;27,66;1;3
1444;65;0;1;12;1;2;2;27,66;1;3
1445;60;0;1;12;0;3;2;27,69;0;3
1446;67;0;1;12;0;1;2;27,76;0;3
1447;71;0;1;10;1;3;1;27,76;0;3
1448;70;0;0;9;1;3;1;27,78;0;3
1449;66;0;1;12;1;1;1;27,78;1;3
1450;60;0;1;12;1;3;2;27,78;1;3
1451;60;0;0;9;1;4;2;27,78;1;3
1452;63;0;0;12;1;3;1;27,78;0;3
1453;68;1;1;14;1;2;1;27,80;0;3
1454;66;1;1;3;1;3;2;27,85;0;3
1455;74;0;0;8;1;3;1;27,85;0;3
1456;67;0;1;17;0;2;1;27,86;1;3
1457;68;0;1;12;1;3;2;27,88;0;3
1458;72;0;0;11;1;3;2;27,88;0;3
1459;66;0;0;16;1;3;1;27,96;0;3
1460;76;0;1;11;1;3;1;27,97;1;3
1461;67;1;0;8;1;2;1;28,00;1;3
1462;63;0;0;10;1;4;1;28,02;1;3
1463;67;0;1;12;1;3;2;28,02;0;3
1464;66;0;0;12;1;4;1;28,02;0;3
1465;70;0;0;8;1;5;1;28,06;1;3
1466;65;0;0;17;1;2;1;28,07;0;3
1467;75;0;0;12;1;4;2;28,07;0;3
1468;69;0;1;12;1;2;1;28,07;0;3
1469;81;0;0;17;1;3;1;28,07;1;3
1470;65;0;1;10;1;2;2;28,07;1;3
1471;58;0;1;11;1;4;2;28,10;1;3
1472;65;0;0;12;1;4;1;28,10;1;3
1473;69;0;0;12;1;3;1;28,12;0;3
1474;69;0;0;9;1;4;1;28,14;0;3
1475;65;0;1;10;1;4;1;28,14;0;3
1476;62;0;0;12;0;2;1;28,22;0;3
1477;67;0;1;16;0;1;1;28,28;0;3
1478;66;0;1;12;1;4;1;28,29;0;3
1479;66;0;0;10;1;3;1;28,29;1;3
1480;65;0;0;12;1;1;1;28,30;1;3
1481;66;0;1;12;1;1;1;28,30;1;3
1482;70;0;0;10;1;2;2;28,34;0;3
1483;65;0;1;9;1;3;1;28,34;0;3
1484;67;0;1;12;0;2;2;28,38;0;3
1485;69;0;0;12;0;3;1;28,42;0;3
1486;68;0;1;12;1;4;1;28,44;1;3
1487;74;0;0;12;1;2;1;28,44;1;3
1488;65;0;1;11;1;4;2;28,44;1;3
1489;65;0;0;13;1;3;1;28,44;1;3
1490;66;0;0;17;0;1;1;28,64;1;3
1491;67;0;0;12;1;4;1;28,66;1;3
1492;61;0;0;6;1;4;1;28,70;0;3
1493;68;0;1;12;1;2;1;28,74;1;3
1494;70;0;0;16;1;4;1;28,74;0;3
1495;68;0;1;10;0;2;2;28,75;1;3
1496;68;0;1;12;1;2;2;28,75;1;3
1497;69;0;0;12;1;5;1;28,75;1;3
1498;67;0;0;11;1;2;1;28,78;1;3
1499;68;0;0;15;0;3;1;28,80;1;3
1500;66;0;1;12;1;4;1;28,80;1;3
1501;68;0;0;12;1;3;1;28,80;1;3
1502;68;0;1;9;0;3;2;28,85;0;3
1503;67;0;0;8;1;4;1;28,87;0;3
1504;68;0;0;14;1;1;1;28,90;1;3
1505;69;0;0;9;0;3;1;28,92;0;3
1506;67;0;0;17;1;1;1;28,93;1;3
1507;66;0;1;12;1;4;1;28,93;1;3
1508;63;0;1;12;1;2;2;28,97;0;3
1509;66;0;0;12;1;3;1;28,97;0;3
1510;69;0;1;12;1;2;2;28,98;1;3
1511;80;0;0;12;1;2;1;28,98;0;3
1512;66;0;0;15;1;2;1;29,01;0;3
1513;68;0;0;8;1;3;1;29,02;1;3
1514;68;0;1;12;1;2;2;29,04;1;3
1515;72;0;0;9;1;3;1;29,04;1;3
1516;68;0;1;12;1;2;1;29,04;1;3
1517;70;0;0;8;1;4;1;29,04;1;3
1518;65;0;0;14;1;2;1;29,12;1;3
1519;68;0;1;12;0;2;1;29,13;1;3
1520;73;0;0;12;1;3;1;29,20;1;3
1521;67;0;1;12;1;3;1;29,20;1;3
1522;56;0;1;13;1;4;2;29,21;0;3
1523;67;0;0;14;1;4;1;29,21;0;3
1524;57;0;1;10;1;4;2;29,22;0;3
1525;66;0;0;13;1;2;1;29,24;1;3
1526;56;1;1;7;1;4;2;29,24;1;3
1527;71;0;0;16;1;2;1;29,30;1;3
1528;68;0;1;12;1;5;1;29,30;0;3
1529;69;0;1;12;1;3;1;29,30;1;3
1530;68;0;0;9;1;2;1;29,34;0;3
1531;76;0;1;9;1;3;2;29,34;0;3
1532;62;1;0;6;1;3;1;29,35;0;3
1533;68;0;1;14;0;3;2;29,36;1;3
1534;69;0;0;12;1;2;1;29,41;0;3
1535;69;0;1;14;1;1;1;29,41;0;3
1536;64;0;0;9;1;5;2;29,54;0;3
1537;69;0;0;7;1;3;2;29,55;0;3
1538;67;0;1;6;1;5;1;29,55;0;3
1539;68;0;0;9;1;2;1;29,56;1;3
1540;75;0;0;16;1;3;1;29,60;1;3
1541;65;1;0;14;1;3;1;29,64;0;3
1542;59;0;0;12;1;3;2;29,64;0;3
1543;67;0;1;12;0;4;1;29,65;0;3
1544;72;0;0;14;1;2;1;29,69;0;3
1545;65;0;1;17;0;2;2;29,69;0;3
1546;63;0;1;12;1;3;1;29,71;0;3
1547;74;0;0;12;1;3;1;29,72;0;3
1548;70;0;0;17;1;3;1;29,74;1;3
1549;73;0;0;16;1;2;1;29,80;0;3
1550;71;1;1;10;1;2;2;29,81;0;3
1551;68;0;0;7;1;2;1;29,82;0;3
1552;65;0;0;9;1;4;1;29,84;1;3
1553;64;0;1;10;1;4;1;29,91;1;3
1554;72;0;0;11;1;3;1;29,91;1;3
1555;65;0;1;12;1;3;2;29,99;0;3
1556;73;0;0;12;1;4;2;29,99;0;3
1557;72;0;0;11;1;3;1;30,00;0;3
1558;67;0;1;9;1;2;1;30,00;0;3
1559;65;0;0;16;1;4;1;30,00;1;3
1560;67;0;1;11;1;4;2;30,00;0;3
1561;66;0;0;12;0;4;1;30,02;0;3
1562;68;0;1;17;1;3;1;30,06;0;3
1563;71;0;0;17;1;3;1;30,06;0;3
1564;73;0;0;12;1;3;1;30,08;1;3
1565;69;0;1;12;1;2;2;30,08;1;3
1566;65;0;0;12;1;4;1;30,11;1;3
1567;70;0;1;5;1;3;2;30,14;1;3
1568;69;0;0;5;1;2;1;30,14;1;3
1569;65;0;1;12;1;2;2;30,16;0;3
1570;68;0;0;12;1;3;1;30,16;0;3
1571;68;0;1;16;0;2;2;30,18;1;3
1572;65;0;0;12;1;1;1;30,27;0;3
1573;74;0;1;12;1;3;1;30,27;0;3
1574;67;0;0;12;1;2;1;30,29;0;3
1575;59;0;1;12;1;2;2;30,42;1;3
1576;68;0;1;16;0;2;1;30,43;0;3
1577;62;0;0;8;1;4;2;30,47;0;3
1578;66;0;1;12;1;3;2;30,55;1;3
1579;72;0;0;8;1;3;1;30,55;0;3
1580;65;0;1;16;0;2;1;30,56;0;3
1581;66;0;0;16;1;3;1;30,60;1;3
1582;65;0;1;15;1;2;1;30,60;1;3
1583;60;0;0;8;1;5;2;30,63;0;3
1584;75;0;0;13;1;2;1;30,64;0;3
1585;68;0;1;17;0;3;1;30,68;0;3
1586;66;0;1;16;0;3;1;30,78;1;3
1587;65;0;1;12;1;2;1;30,79;1;3
1588;67;0;1;10;1;4;1;30,80;0;3
1589;69;0;0;12;1;3;1;30,80;0;3
1590;67;0;0;14;1;3;1;30,84;0;3
1591;68;0;0;16;0;2;2;30,84;1;3
1592;69;0;0;14;0;1;1;30,85;0;3
1593;67;0;1;12;1;1;1;30,86;0;3
1594;69;0;1;17;1;2;1;30,86;0;3
1595;67;0;0;12;1;1;2;30,86;0;3
1596;69;0;0;16;1;2;1;30,86;0;3
1597;66;0;0;12;1;1;1;30,90;1;3
1598;66;0;1;12;1;4;1;30,93;1;3
1599;66;0;0;12;1;4;1;30,93;1;3
1600;69;0;0;12;1;1;1;30,95;0;3
1601;68;0;0;8;1;2;1;31,04;0;3
1602;69;0;0;11;1;3;2;31,10;1;3
1603;70;0;0;12;1;3;1;31,10;0;3
1604;66;0;1;12;1;3;1;31,10;0;3
1605;69;0;0;16;1;2;1;31,13;1;3
1606;69;0;0;12;1;3;1;31,13;1;3
1607;65;1;1;16;0;2;1;31,13;1;3
1608;65;0;0;10;1;3;1;31,15;0;3
1609;66;0;1;16;0;2;2;31,16;0;3
1610;65;0;0;16;1;2;1;31,16;0;3
1611;65;0;1;16;1;2;1;31,16;0;3
1612;66;0;1;14;0;4;1;31,22;1;3
1613;66;0;1;11;1;3;1;31,33;1;3
1614;68;0;0;12;1;2;1;31,33;1;3
1615;71;0;1;12;1;2;1;31,37;0;3
1616;68;0;0;12;1;3;1;31,37;0;3
1617;66;0;1;14;0;1;2;31,38;0;3
1618;72;0;1;12;1;3;1;31,39;1;3
1619;67;0;1;10;1;3;2;31,43;0;3
1620;67;0;0;12;1;5;1;31,43;0;3
1621;68;0;0;8;1;5;1;31,43;0;3
1622;71;0;0;12;1;4;1;31,50;1;3
1623;66;0;1;12;1;3;1;31,50;1;3
1624;67;0;1;11;1;3;2;31,53;0;3
1625;69;0;0;8;1;4;1;31,53;1;3
1626;68;0;1;12;0;2;2;31,53;1;3
1627;68;0;1;12;1;1;2;31,54;0;3
1628;68;0;1;12;1;2;1;31,54;1;3
1629;71;0;0;12;1;2;1;31,54;1;3
1630;66;0;1;10;1;4;1;31,56;0;3
1631;70;0;0;7;1;4;1;31,56;1;3
1632;60;0;0;9;1;4;1;31,60;0;3
1633;67;0;1;8;0;3;1;31,60;0;3
1634;69;1;0;9;1;3;1;31,64;0;3
1635;66;0;1;12;1;3;2;31,64;0;3
1636;65;0;0;14;1;3;1;31,65;1;3
1637;60;0;0;10;1;4;1;31,67;1;3
1638;61;0;1;10;1;4;1;31,67;1;3
1639;66;0;0;12;1;3;1;31,68;0;3
1640;66;0;1;12;1;3;1;31,68;0;3
1641;68;0;0;16;1;4;1;31,69;1;3
1642;65;0;1;13;1;3;2;31,69;1;3
1643;68;0;1;16;0;2;2;31,70;0;3
1644;69;0;0;14;1;3;1;31,71;1;3
1645;63;0;1;11;0;3;2;31,71;1;3
1646;66;0;0;12;1;2;1;31,72;1;3
1647;70;0;0;12;1;3;1;31,74;1;3
1648;67;0;1;14;1;4;1;31,74;0;3
1649;69;0;0;12;1;2;1;31,75;1;3
1650;65;0;1;12;1;3;2;31,75;1;3
1651;69;0;0;17;1;3;2;31,76;0;3
1652;65;0;1;12;1;3;2;31,77;1;3
1653;67;0;0;12;1;3;1;31,77;1;3
1654;68;0;1;12;1;3;2;31,78;1;3
1655;66;0;1;12;0;1;1;31,79;0;3
1656;67;0;0;12;1;3;1;31,79;1;3
1657;65;0;1;12;1;3;1;31,80;1;3
1658;67;0;1;12;1;4;2;31,95;0;3
1659;71;0;0;12;1;3;1;31,95;0;3
1660;68;0;0;6;1;3;1;31,96;0;3
1661;68;1;0;13;1;3;1;31,99;1;3
1662;66;1;1;6;1;4;2;31,99;1;3
1663;69;0;0;17;1;2;1;32,00;0;3
1664;68;0;0;16;1;3;1;32,00;0;3
1665;66;0;1;12;0;3;2;32,02;1;3
1666;68;0;1;10;1;3;2;32,15;0;3
1667;71;0;0;8;1;4;1;32,15;0;3
1668;63;0;0;9;1;2;2;32,15;0;3
1669;70;0;1;12;0;2;1;32,26;0;3
1670;68;0;0;14;0;4;1;32,28;0;3
1671;65;0;0;17;1;2;2;32,33;1;3
1672;65;0;1;16;1;2;2;32,33;1;3
1673;68;0;1;17;0;1;2;32,40;1;3
1674;56;0;1;12;1;4;2;32,40;0;3
1675;57;0;1;12;0;3;2;32,41;0;3
1676;67;0;1;12;0;3;1;32,47;1;3
1677;65;0;1;7;1;4;2;32,48;1;3
1678;70;0;0;12;1;2;1;32,48;1;3
1679;72;0;0;10;1;3;1;32,49;1;3
1680;67;0;1;12;0;3;1;32,49;0;3
1681;69;0;0;9;1;4;2;32,51;0;3
1682;67;0;1;16;1;2;1;32,52;0;3
1683;73;0;0;17;1;2;1;32,52;0;3
1684;63;0;1;12;1;3;2;32,54;0;3
1685;71;0;0;14;1;2;1;32,54;1;3
1686;68;0;1;13;0;2;1;32,56;0;3
1687;68;0;0;17;0;2;1;32,58;1;3
1688;67;0;0;14;1;2;1;32,59;0;3
1689;65;0;1;12;1;1;1;32,59;0;3
1690;65;0;0;12;1;3;1;32,66;0;3
1691;72;1;1;5;1;5;2;32,68;0;3
1692;68;1;0;5;1;4;2;32,68;0;3
1693;67;0;1;12;0;2;2;32,69;0;3
1694;66;0;0;12;1;2;2;32,74;1;3
1695;65;0;0;12;1;2;1;32,76;1;3
1696;66;0;0;13;0;5;1;32,80;1;3
1697;68;0;0;12;1;4;1;32,86;1;3
1698;66;0;1;12;1;5;1;32,89;0;3
1699;66;0;0;12;1;2;1;32,89;0;3
1700;67;0;1;12;0;3;2;32,90;1;3
1701;67;0;1;12;1;2;1;32,94;0;3
1702;77;0;0;16;1;1;1;32,94;0;3
1703;69;0;0;10;1;3;1;32,99;1;3
1704;69;0;0;16;1;4;1;33,03;1;3
1705;65;0;1;12;1;3;2;33,03;1;3
1706;67;0;0;14;1;3;2;33,03;1;3
1707;64;0;1;12;1;5;1;33,08;0;3
1708;66;0;0;9;1;3;2;33,10;0;3
1709;66;0;1;10;1;5;1;33,12;1;3
1710;68;0;0;8;1;4;1;33,12;1;3
1711;58;0;1;14;0;4;2;33,13;0;3
1712;65;0;0;13;1;5;1;33,14;0;3
1713;67;0;1;12;1;3;1;33,15;1;3
1714;67;0;0;10;1;2;1;33,15;0;3
1715;68;0;0;10;1;3;1;33,19;0;3
1716;67;0;0;16;1;1;1;33,20;1;3
1717;67;0;0;14;1;3;1;33,20;0;3
1718;67;0;1;12;1;2;1;33,20;0;3
1719;68;0;0;12;1;2;1;33,20;0;3
1720;66;0;0;12;1;2;1;33,21;1;3
1721;72;1;0;12;1;1;1;33,21;0;3
1722;68;0;0;13;1;2;1;33,26;1;3
1723;61;0;0;17;1;3;1;33,29;0;3
1724;66;0;1;17;1;3;1;33,29;1;3
1725;65;0;0;12;1;2;2;33,39;0;3
1726;67;0;1;12;1;3;2;33,40;0;3
1727;69;1;0;14;1;2;1;33,40;0;3
1728;69;0;1;17;0;5;1;33,41;1;3
1729;68;0;1;16;0;2;1;33,46;1;3
1730;68;0;1;12;1;4;2;33,48;0;3
1731;69;0;0;10;1;2;1;33,48;0;3
1732;65;0;0;11;1;5;2;33,56;0;3
1733;65;0;1;15;0;2;2;33,56;1;3
1734;67;0;1;17;0;3;1;33,61;1;3
1735;77;0;0;14;1;3;1;33,69;0;3
1736;68;0;1;12;1;1;2;33,73;0;3
1737;71;0;0;14;1;1;1;33,73;0;3
1738;57;0;0;14;0;3;2;33,74;0;3
1739;66;0;0;16;1;4;1;33,76;1;3
1740;66;0;1;12;1;2;2;33,79;0;3
1741;73;0;0;12;1;3;1;33,79;1;3
1742;64;0;1;12;1;4;2;33,79;1;3
1743;77;0;0;8;1;3;2;33,80;0;3
1744;66;0;1;15;1;3;1;33,85;0;3
1745;71;0;0;16;1;3;1;33,85;0;3
1746;68;0;1;13;1;2;2;33,88;0;3
1747;73;0;0;13;1;3;2;33,88;0;3
1748;66;0;0;10;0;4;1;33,96;0;3
1749;66;0;1;11;1;3;2;33,98;0;3
1750;68;0;0;11;1;3;2;33,98;0;3
1751;66;0;1;14;1;3;1;33,98;0;3
1752;66;0;0;14;1;5;2;33,98;1;3
1753;72;0;0;11;1;3;1;33,99;0;3
1754;68;0;1;10;1;4;1;33,99;0;3
1755;68;0;0;16;1;2;1;34,00;0;3
1756;73;0;0;12;1;2;1;34,00;1;3
1757;68;0;1;12;1;2;2;34,00;1;3
1758;67;1;1;12;1;2;2;34,01;1;3
1759;69;0;0;10;1;2;1;34,02;1;3
1760;66;0;1;10;1;3;1;34,02;1;3
1761;65;0;0;17;0;2;1;34,05;1;3
1762;65;0;1;12;1;4;1;34,12;1;3
1763;66;0;1;13;1;1;1;34,20;1;3
1764;65;0;0;16;1;2;2;34,26;0;3
1765;66;0;0;12;1;2;1;34,29;1;3
1766;66;0;1;13;1;3;1;34,29;1;3
1767;65;0;1;13;0;1;2;34,30;1;3
1768;65;0;1;15;1;2;1;34,31;0;3
1769;72;0;0;12;1;4;1;34,31;0;3
1770;73;0;0;12;1;3;1;34,35;1;3
1771;61;0;0;12;1;2;2;34,38;0;3
1772;68;0;0;10;1;4;1;34,39;0;3
1773;69;0;0;12;1;1;2;34,44;0;3
1774;66;0;1;12;1;2;2;34,44;0;3
1775;72;0;0;17;1;1;1;34,45;1;3
1776;75;0;0;16;1;3;2;34,49;0;3
1777;72;0;0;13;1;3;2;34,56;1;3
1778;69;0;0;12;1;2;1;34,64;0;3
1779;66;0;1;10;1;4;2;34,64;0;3
1780;67;0;1;14;1;5;1;34,70;0;3
1781;69;0;0;13;1;4;1;34,70;0;3
1782;66;0;1;16;0;1;1;34,73;0;3
1783;68;0;0;10;1;2;2;34,75;1;3
1784;66;0;0;11;1;1;2;34,76;1;3
1785;65;0;1;11;1;3;1;34,80;0;3
1786;73;0;0;10;1;4;1;34,80;0;3
1787;66;0;0;13;1;3;1;34,80;0;3
1788;65;0;1;10;1;2;1;34,80;0;3
1789;68;0;0;13;1;3;2;34,80;0;3
1790;68;0;0;12;1;1;1;34,80;1;3
1791;71;0;1;12;1;4;2;34,80;1;3
1792;75;0;1;17;1;2;1;34,85;1;3
1793;68;0;0;12;1;2;1;34,87;1;3
1794;65;0;1;12;1;2;1;34,87;1;3
1795;66;0;1;12;1;2;1;34,88;1;3
1796;65;0;0;14;1;2;1;34,88;1;3
1797;67;0;1;17;1;3;1;34,88;0;3
1798;66;0;0;9;1;2;1;34,88;1;3
1799;61;0;1;11;1;4;2;34,88;1;3
1800;64;1;0;12;1;3;1;34,90;1;3
1801;61;0;1;12;1;5;2;35,00;1;3
1802;68;0;0;9;1;1;2;35,00;0;3
1803;64;0;0;12;1;3;2;35,02;0;3
1804;67;0;0;12;1;3;1;35,02;1;3
1805;65;0;1;12;1;2;1;35,02;1;3
1806;65;0;1;12;0;3;1;35,02;1;3
1807;60;0;0;9;1;4;2;35,03;0;3
1808;65;0;0;12;1;4;1;35,05;1;3
1809;65;0;1;12;1;3;2;35,05;1;3
1810;68;0;1;12;1;3;1;35,07;0;3
1811;67;0;1;12;1;4;1;35,17;0;3
1812;68;0;0;8;1;2;1;35,17;0;3
1813;62;0;0;8;1;3;2;35,19;0;3
1814;68;0;1;12;1;3;1;35,32;0;3
1815;69;0;0;12;1;4;1;35,32;0;3
1816;68;0;0;4;1;4;2;35,33;0;3
1817;79;0;1;8;1;5;1;35,33;0;3
1818;68;0;1;16;0;3;2;35,34;0;3
1819;65;0;1;14;0;1;1;35,40;0;3
1820;61;0;1;17;1;3;1;35,41;0;3
1821;67;0;1;10;1;2;1;35,60;0;3
1822;74;0;0;11;1;3;1;35,60;0;3
1823;65;0;0;11;1;3;2;35,62;1;3
1824;60;0;0;16;1;3;2;35,64;1;3
1825;66;0;1;13;0;3;2;35,67;1;3
1826;60;0;1;12;1;1;2;35,73;0;3
1827;68;0;0;11;1;4;1;35,75;0;3
1828;68;0;1;12;1;3;1;35,75;0;3
1829;64;0;1;12;1;4;1;35,78;0;3
1830;68;0;0;16;1;3;1;35,80;0;3
1831;65;0;1;12;1;2;1;35,80;1;3
1832;72;0;0;8;1;2;1;35,82;0;3
1833;69;0;1;12;1;2;1;35,82;1;3
1834;66;0;1;12;1;1;1;35,85;1;3
1835;67;0;0;12;1;1;1;35,85;1;3
1836;68;0;1;12;0;2;2;35,86;1;3
1837;64;0;1;16;0;2;2;35,87;1;3
1838;70;0;1;9;0;2;1;35,88;0;3
1839;67;0;0;12;1;2;2;35,90;1;3
1840;66;0;1;14;1;5;1;35,94;0;3
1841;69;0;0;17;1;2;1;35,95;0;3
1842;66;0;1;17;1;1;1;35,95;0;3
1843;65;0;1;10;1;3;1;36,00;0;3
1844;72;0;0;10;1;3;1;36,00;0;3
1845;65;0;0;10;0;2;1;36,00;0;3
1846;69;0;0;14;1;1;1;36,00;1;3
1847;67;0;1;12;1;1;1;36,00;1;3
1848;67;0;1;12;0;3;1;36,01;0;3
1849;65;0;1;12;1;2;1;36,02;0;3
1850;68;0;0;9;1;1;1;36,03;1;3
1851;66;0;0;17;1;3;1;36,04;1;3
1852;71;0;0;14;1;2;1;36,04;1;3
1853;67;0;1;14;1;2;1;36,04;1;3
1854;73;1;0;8;1;2;1;36,06;0;3
1855;68;0;1;12;1;2;2;36,07;0;3
1856;66;0;0;8;1;5;1;36,17;1;3
1857;65;0;1;12;1;4;2;36,19;1;3
1858;69;0;1;17;0;2;1;36,22;0;3
1859;69;0;0;12;1;2;1;36,22;1;3
1860;63;0;0;12;1;4;1;36,24;1;3
1861;65;0;0;12;1;3;1;36,26;1;3
1862;63;0;1;11;1;2;2;36,28;1;3
1863;63;0;1;13;1;3;1;36,30;1;3
1864;59;0;0;13;1;4;2;36,30;0;3
1865;70;0;0;15;1;2;1;36,30;1;3
1866;65;0;1;12;1;2;2;36,33;0;3
1867;69;0;0;12;1;4;1;36,33;1;3
1868;63;0;0;5;1;4;1;36,34;1;3
1869;68;0;1;12;1;4;2;36,41;1;3
1870;70;0;0;13;1;2;1;36,41;1;3
1871;68;0;1;12;1;2;1;36,46;0;3
1872;73;0;0;13;1;5;1;36,46;1;3
1873;69;1;0;12;1;1;2;36,50;0;3
1874;67;1;1;12;1;4;1;36,50;0;3
1875;67;0;1;12;1;2;2;36,56;1;3
1876;64;0;0;13;0;5;2;36,56;0;3
1877;70;0;0;8;1;3;1;36,56;1;3
1878;77;1;0;12;1;3;1;36,66;0;3
1879;65;1;1;12;1;1;1;36,66;0;3
1880;70;0;0;16;1;2;1;36,67;1;3
1881;67;0;0;12;1;4;1;36,68;0;3
1882;69;0;1;16;1;2;1;36,68;1;3
1883;71;0;0;10;1;3;1;36,80;1;3
1884;66;0;1;12;1;2;2;36,84;1;3
1885;67;0;0;12;1;3;1;36,84;1;3
1886;68;0;0;16;1;2;1;36,88;0;3
1887;66;0;1;12;0;3;1;36,88;0;3
1888;70;0;0;12;1;2;2;37,02;0;3
1889;68;0;1;13;1;2;1;37,02;0;3
1890;65;0;1;12;1;2;2;37,06;0;3
1891;72;0;0;12;1;3;1;37,06;0;3
1892;67;0;0;14;1;1;1;37,06;0;3
1893;67;0;1;11;0;1;2;37,11;0;3
1894;65;0;0;12;1;3;2;37,27;0;3
1895;64;0;1;7;1;5;2;37,27;0;3
1896;68;0;1;17;1;3;1;37,30;1;3
1897;70;0;0;14;1;3;1;37,30;0;3
1898;65;0;0;15;0;1;1;37,31;0;3
1899;68;0;1;15;0;4;2;37,32;0;3
1900;59;0;0;12;1;3;1;37,35;1;3
1901;70;1;0;7;1;3;1;37,40;0;3
1902;65;0;0;17;0;1;1;37,44;0;3
1903;69;0;0;12;1;3;1;37,45;1;3
1904;65;0;1;9;1;4;2;37,45;1;3
1905;66;0;1;16;1;2;1;37,46;1;3
1906;64;0;1;8;1;5;1;37,46;0;3
1907;73;0;0;8;1;3;1;37,46;0;3
1908;75;0;0;8;1;3;1;37,46;0;3
1909;68;0;0;10;1;3;2;37,52;1;3
1910;68;0;1;14;0;1;1;37,56;1;3
1911;74;0;0;12;1;2;1;37,58;0;3
1912;68;0;0;12;1;3;1;37,65;1;3
1913;65;0;1;12;1;3;2;37,65;0;3
1914;73;0;0;14;1;3;1;37,70;1;3
1915;65;0;0;14;1;5;1;37,72;1;3
1916;59;0;1;13;1;4;2;37,73;1;3
1917;67;0;0;17;1;3;1;37,76;1;3
1918;69;0;0;8;0;1;1;37,82;0;3
1919;59;0;1;12;1;4;2;37,85;0;3
1920;65;0;1;12;1;2;2;37,87;1;3
1921;68;0;0;7;1;2;1;37,87;1;3
1922;61;0;0;14;1;4;1;37,88;0;3
1923;66;0;0;12;1;3;2;38,03;0;3
1924;67;0;0;12;1;5;1;38,03;0;4
1925;61;0;0;12;1;2;1;38,08;1;4
1926;69;0;0;12;1;3;1;38,14;0;4
1927;68;0;1;12;1;4;1;38,14;0;4
1928;67;0;0;12;1;2;1;38,16;1;4
1929;66;0;0;16;1;3;1;38,18;1;4
1930;65;1;1;13;1;2;2;38,18;0;4
1931;76;1;0;6;1;3;1;38,18;0;4
1932;66;0;0;17;1;1;1;38,20;1;4
1933;66;0;1;14;1;5;1;38,30;1;4
1934;68;0;0;12;1;2;1;38,40;1;4
1935;68;0;1;14;1;2;1;38,40;1;4
1936;58;0;0;12;1;3;2;38,44;0;4
1937;71;0;0;17;1;2;1;38,50;1;4
1938;67;0;1;16;1;4;2;38,50;1;4
1939;72;0;0;17;1;1;1;38,50;0;4
1940;66;0;0;12;1;4;1;38,50;1;4
1941;67;0;1;17;1;2;2;38,50;0;4
1942;66;0;1;16;1;3;1;38,51;0;4
1943;71;0;0;12;1;2;2;38,55;0;4
1944;81;0;0;12;1;4;1;38,55;1;4
1945;68;0;1;10;1;2;1;38,55;1;4
1946;65;0;1;13;0;3;1;38,60;1;4
1947;68;0;1;16;0;3;1;38,68;1;4
1948;60;0;0;12;1;3;2;38,69;1;4
1949;67;0;1;12;1;3;1;38,72;0;4
1950;73;0;0;12;1;2;1;38,72;0;4
1951;70;0;0;9;1;4;1;38,76;0;4
1952;66;0;1;14;0;1;1;38,80;1;4
1953;62;0;0;8;1;2;1;38,87;1;4
1954;64;0;1;13;0;3;2;38,88;1;4
1955;70;0;0;12;1;3;1;38,91;1;4
1956;74;0;0;12;1;2;2;38,94;1;4
1957;79;0;0;5;1;3;1;39,00;1;4
1958;68;0;0;7;1;3;1;39,02;0;4
1959;68;0;1;12;1;3;1;39,02;0;4
1960;69;0;0;12;1;2;1;39,02;0;4
1961;67;0;0;17;1;2;1;39,03;1;4
1962;67;0;0;9;1;3;2;39,04;0;4
1963;66;0;1;17;0;2;1;39,10;1;4
1964;68;0;0;12;1;1;1;39,14;1;4
1965;67;0;1;12;1;2;1;39,14;1;4
1966;74;0;1;16;1;3;1;39,20;1;4
1967;67;0;0;15;1;2;1;39,20;0;4
1968;68;0;1;12;1;2;1;39,24;1;4
1969;70;0;0;12;1;2;1;39,24;1;4
1970;76;0;1;12;1;2;1;39,32;1;4
1971;66;0;0;16;1;4;1;39,32;1;4
1972;65;0;1;9;1;3;1;39,34;0;4
1973;63;0;1;12;0;4;2;39,34;1;4
1974;67;0;0;7;0;3;1;39,41;0;4
1975;70;0;1;12;1;3;1;39,42;0;4
1976;67;0;0;10;1;1;1;39,42;0;4
1977;65;0;1;14;1;1;2;39,44;1;4
1978;65;0;1;12;1;3;1;39,44;1;4
1979;67;0;0;12;1;1;1;39,47;0;4
1980;65;0;0;12;1;3;1;39,47;0;4
1981;70;0;0;12;1;2;1;39,49;1;4
1982;66;0;0;12;1;2;1;39,50;1;4
1983;67;0;0;9;1;3;1;39,53;1;4
1984;72;0;0;12;1;3;1;39,59;0;4
1985;67;0;1;12;1;2;1;39,59;0;4
1986;65;0;0;13;1;1;2;39,60;0;4
1987;72;0;1;14;1;1;2;39,60;0;4
1988;75;0;0;17;1;1;1;39,68;1;4
1989;66;0;0;12;1;3;1;39,69;1;4
1990;65;0;0;12;1;3;1;39,70;0;4
1991;68;1;0;14;1;2;1;39,73;0;4
1992;68;0;0;12;1;2;1;39,73;0;4
1993;68;0;1;17;1;1;2;39,76;1;4
1994;68;0;0;17;1;2;1;39,76;1;4
1995;66;0;1;5;1;5;2;39,80;0;4
1996;65;0;0;12;1;2;1;39,80;0;4
1997;72;0;1;12;0;2;1;39,84;0;4
1998;69;0;0;12;1;3;1;39,92;0;4
1999;68;0;1;16;1;3;2;39,92;0;4
2000;67;0;1;14;0;3;1;39,94;1;4
2001;69;0;1;17;0;2;1;39,96;0;4
2002;72;0;0;16;1;2;2;39,96;0;4
2003;69;0;1;13;1;3;1;39,96;0;4
2004;67;0;1;10;0;3;1;40,00;0;4
2005;65;0;0;12;1;3;2;40,00;0;4
2006;67;0;0;12;1;2;1;40,02;1;4
2007;66;0;0;12;1;3;1;40,02;0;4
2008;63;0;0;12;1;4;2;40,10;0;4
2009;73;0;0;12;1;2;1;40,13;1;4
2010;69;0;1;13;1;2;1;40,13;1;4
2011;66;0;0;12;1;4;1;40,20;1;4
2012;66;0;0;9;1;4;2;40,30;1;4
2013;59;0;1;12;1;2;2;40,35;0;4
2014;70;0;0;12;1;2;1;40,42;1;4
2015;67;0;1;12;1;2;1;40,42;1;4
2016;67;0;0;12;1;4;1;40,43;1;4
2017;70;0;1;17;1;5;1;40,43;1;4
2018;65;0;1;12;1;3;1;40,43;0;4
2019;68;0;0;12;1;1;2;40,43;0;4
2020;67;1;0;12;1;3;1;40,45;0;4
2021;68;0;1;14;1;1;1;40,48;1;4
2022;67;0;0;12;1;3;1;40,48;1;4
2023;67;0;0;15;1;4;2;40,48;1;4
2024;76;0;0;12;1;3;1;40,50;1;4
2025;66;0;1;17;1;3;1;40,56;0;4
2026;71;0;0;16;1;4;1;40,56;0;4
2027;72;0;0;12;1;3;2;40,60;0;4
2028;69;0;1;13;1;2;1;40,60;0;4
2029;76;0;0;10;1;1;1;40,62;0;4
2030;67;0;1;12;1;2;2;40,62;0;4
2031;70;0;0;12;1;3;1;40,62;0;4
2032;65;0;1;14;1;2;1;40,66;1;4
2033;69;0;0;12;1;2;1;40,66;1;4
2034;71;1;1;7;1;3;1;40,70;1;4
2035;69;0;0;15;1;3;1;40,70;0;4
2036;65;0;1;12;1;3;1;40,71;0;4
2037;65;0;1;12;0;3;2;40,78;0;4
2038;68;0;1;17;1;3;1;40,80;1;4
2039;68;0;0;17;1;1;1;40,80;0;4
2040;60;0;0;12;1;5;2;40,82;1;4
2041;66;0;1;9;1;4;2;40,82;0;4
2042;66;0;0;14;0;4;1;40,85;0;4
2043;66;0;1;12;0;2;1;40,89;0;4
2044;69;0;0;12;1;3;1;40,95;0;4
2045;66;0;0;9;1;3;1;40,96;1;4
2046;68;0;1;12;1;4;1;40,96;1;4
2047;68;0;1;17;0;1;1;41,00;1;4
2048;65;0;1;12;1;3;1;41,02;1;4
2049;66;0;0;12;1;2;1;41,02;1;4
2050;67;1;0;9;1;3;1;41,03;1;4
2051;70;0;0;10;1;3;2;41,06;1;4
2052;72;0;1;12;1;5;1;41,06;1;4
2053;74;0;0;10;1;3;1;41,13;1;4
2054;69;0;0;12;1;2;1;41,39;0;4
2055;67;0;1;11;1;3;1;41,39;0;4
2056;70;0;0;11;1;3;2;41,40;0;4
2057;65;0;1;13;1;3;1;41,40;1;4
2058;67;0;1;10;1;3;2;41,40;1;4
2059;69;0;0;14;0;4;1;41,40;1;4
2060;66;0;0;12;1;4;1;41,40;1;4
2061;73;0;0;12;1;3;1;41,40;1;4
2062;71;0;0;12;1;4;1;41,50;0;4
2063;68;0;1;12;1;3;1;41,50;0;4
2064;65;0;0;12;1;3;1;41,51;0;4
2065;60;0;0;15;1;5;1;41,52;1;4
2066;69;0;1;16;1;2;2;41,52;1;4
2067;66;0;0;7;1;4;1;41,59;1;4
2068;65;0;0;13;1;4;1;41,60;1;4
2069;65;0;1;12;1;1;1;41,60;1;4
2070;68;0;0;15;1;2;1;41,60;1;4
2071;65;0;0;13;1;5;1;41,64;0;4
2072;68;0;0;12;1;4;1;41,67;1;4
2073;71;0;0;12;1;3;2;41,67;0;4
2074;67;0;1;14;1;2;1;41,67;0;4
2075;67;0;1;16;0;2;1;41,70;0;4
2076;69;0;0;16;1;3;2;41,75;1;4
2077;66;0;1;12;1;3;2;41,75;1;4
2078;67;0;0;9;1;5;1;41,75;1;4
2079;63;0;1;11;1;4;2;41,75;1;4
2080;66;0;1;16;0;2;1;41,84;0;4
2081;68;0;1;17;0;2;1;41,90;1;4
2082;68;0;0;16;1;3;1;41,95;1;4
2083;67;0;1;17;0;1;1;42,00;1;4
2084;70;0;1;12;1;1;1;42,03;1;4
2085;65;0;0;13;1;2;2;42,10;1;4
2086;67;0;1;11;1;4;2;42,20;0;4
2087;63;0;0;16;1;5;1;42,20;1;4
2088;60;0;1;14;1;4;2;42,20;0;4
2089;65;0;0;12;1;2;2;42,20;1;4
2090;67;1;0;12;1;3;1;42,20;0;4
2091;68;0;1;12;1;1;2;42,23;0;4
2092;68;0;0;12;1;2;1;42,23;0;4
2093;59;0;0;12;1;5;2;42,23;1;4
2094;66;0;0;14;1;2;1;42,24;0;4
2095;66;0;1;12;1;3;2;42,29;1;4
2096;65;0;0;12;1;3;1;42,29;1;4
2097;60;0;0;12;1;5;2;42,30;1;4
2098;65;0;0;12;0;1;2;42,30;1;4
2099;67;0;1;14;1;2;2;42,36;0;4
2100;73;0;0;17;1;2;2;42,36;0;4
2101;82;0;0;8;1;5;1;42,56;0;4
2102;70;0;0;12;1;2;1;42,58;1;4
2103;71;0;0;12;1;5;1;42,70;0;4
2104;69;0;1;10;1;5;2;42,70;0;4
2105;68;0;0;12;1;4;1;42,70;1;4
2106;68;0;0;12;1;3;1;42,71;0;4
2107;75;0;0;8;1;4;1;42,71;0;4
2108;66;0;1;14;1;3;1;42,71;0;4
2109;73;0;0;12;1;5;1;42,73;0;4
2110;67;0;1;8;1;2;2;42,73;0;4
2111;65;0;0;16;1;3;1;42,76;0;4
2112;67;0;0;10;1;3;2;42,81;1;4
2113;68;0;0;16;1;3;1;42,83;1;4
2114;66;0;0;12;1;3;1;42,86;0;4
2115;65;0;1;17;0;2;1;42,90;1;4
2116;66;0;1;12;0;3;1;42,91;1;4
2117;65;0;1;12;1;3;2;42,98;1;4
2118;69;0;0;12;1;3;1;42,98;1;4
2119;66;0;1;17;0;3;2;43,00;1;4
2120;70;0;0;14;1;3;1;43,11;0;4
2121;73;0;0;17;1;1;2;43,14;1;4
2122;65;0;1;8;1;1;2;43,14;1;4
2123;75;0;0;15;1;2;1;43,19;0;4
2124;69;0;1;16;1;2;1;43,19;1;4
2125;73;0;0;17;1;3;1;43,19;1;4
2126;68;0;0;15;1;2;1;43,20;0;4
2127;68;0;1;13;1;2;2;43,20;0;4
2128;68;0;1;13;0;2;2;43,20;0;4
2129;66;0;0;12;1;3;1;43,27;1;4
2130;67;0;1;17;0;2;2;43,29;1;4
2131;65;0;1;13;1;2;1;43,30;1;4
2132;65;0;0;17;0;1;1;43,31;0;4
2133;65;0;0;12;1;3;1;43,33;0;4
2134;66;0;1;12;1;3;1;43,33;0;4
2135;66;0;1;12;1;3;1;43,40;1;4
2136;71;0;0;12;1;2;1;43,40;1;4
2137;71;0;0;14;1;3;1;43,46;0;4
2138;65;0;1;12;1;2;1;43,46;0;4
2139;66;1;0;8;1;4;1;43,47;1;4
2140;65;0;1;12;0;3;2;43,54;1;4
2141;67;0;1;12;0;2;2;43,56;1;4
2142;65;0;1;17;0;2;2;43,58;1;4
2143;67;0;1;12;1;2;2;43,60;0;4
2144;60;0;1;16;1;4;2;43,73;0;4
2145;68;0;0;17;1;2;1;43,90;1;4
2146;68;0;1;13;1;2;1;43,90;1;4
2147;65;0;0;10;1;2;1;43,94;1;4
2148;66;0;1;14;1;3;1;43,98;1;4
2149;67;0;0;12;1;5;2;43,98;1;4
2150;68;0;0;12;1;5;1;44,00;0;4
2151;71;0;1;12;1;2;2;44,00;1;4
2152;70;0;0;12;1;3;1;44,10;1;4
2153;68;0;0;12;1;2;1;44,21;1;4
2154;68;0;1;13;1;4;1;44,28;1;4
2155;71;0;0;13;1;1;1;44,28;1;4
2156;75;0;0;5;1;5;1;44,28;1;4
2157;69;0;1;15;1;4;1;44,30;0;4
2158;73;0;0;12;1;5;1;44,30;0;4
2159;74;0;0;16;1;3;1;44,30;1;4
2160;67;0;1;16;1;2;1;44,30;1;4
2161;69;0;0;15;0;2;1;44,32;0;4
2162;69;0;0;13;1;4;1;44,53;0;4
2163;67;0;1;12;1;2;2;44,53;0;4
2164;69;0;0;9;1;4;1;44,58;1;4
2165;71;0;1;12;1;3;2;44,58;1;4
2166;65;0;1;12;1;3;2;44,61;0;4
2167;68;0;0;16;1;1;2;44,62;0;4
2168;65;0;1;14;1;4;2;44,62;0;4
2169;65;0;1;11;0;1;1;44,67;1;4
2170;78;0;0;17;1;2;1;44,80;1;4
2171;68;0;0;9;1;4;2;44,80;1;4
2172;68;0;1;14;1;2;2;44,80;1;4
2173;59;0;1;6;1;4;2;44,89;0;4
2174;66;0;0;12;1;3;2;44,90;0;4
2175;66;0;1;12;1;2;2;44,92;1;4
2176;66;0;0;15;1;3;1;44,92;1;4
2177;68;0;0;17;0;2;1;44,93;1;4
2178;65;0;1;14;0;3;2;44,94;0;4
2179;65;0;0;13;1;3;1;44,98;1;4
2180;68;1;0;13;1;2;2;45,00;1;4
2181;67;0;0;13;1;3;2;45,00;0;4
2182;82;0;0;17;1;3;1;45,04;1;4
2183;68;0;1;17;1;2;1;45,04;1;4
2184;70;0;0;12;1;2;1;45,05;1;4
2185;67;0;0;12;1;4;2;45,06;1;4
2186;66;0;1;12;1;3;2;45,06;1;4
2187;66;0;0;8;1;4;2;45,08;0;4
2188;69;0;0;14;1;3;1;45,08;0;4
2189;66;0;1;14;1;2;1;45,08;0;4
2190;70;0;0;12;1;2;1;45,12;1;4
2191;66;0;1;12;1;2;1;45,12;1;4
2192;71;0;0;8;1;3;1;45,12;0;4
2193;67;0;1;8;1;2;2;45,12;0;4
2194;65;0;1;12;1;1;1;45,21;0;4
2195;70;0;0;16;1;2;1;45,21;0;4
2196;66;0;1;12;1;3;2;45,28;0;4
2197;66;0;0;8;1;4;1;45,28;0;4
2198;66;0;0;7;1;4;1;45,30;1;4
2199;68;0;0;16;1;3;1;45,30;1;4
2200;67;0;1;12;1;2;2;45,30;1;4
2201;79;0;1;16;0;2;1;45,38;0;4
2202;70;0;0;9;1;5;1;45,44;0;4
2203;68;0;0;8;1;3;2;45,45;0;4
2204;69;0;0;12;1;4;1;45,50;0;4
2205;67;0;1;14;1;3;2;45,57;0;4
2206;69;0;0;12;1;3;2;45,59;1;4
2207;65;0;1;14;1;3;2;45,59;1;4
2208;69;0;0;16;1;2;2;45,60;1;4
2209;66;0;0;12;1;3;1;45,60;1;4
2210;70;0;1;15;1;3;2;45,60;1;4
2211;68;0;1;10;1;2;1;45,63;0;4
2212;70;0;0;12;1;2;2;45,63;0;4
2213;66;0;0;14;0;2;1;45,64;0;4
2214;68;0;1;12;0;1;2;45,64;0;4
2215;65;0;0;16;1;1;1;45,72;0;4
2216;64;0;0;8;1;4;2;45,74;1;4
2217;72;0;0;11;1;1;1;45,80;1;4
2218;67;0;1;14;1;2;1;45,88;0;4
2219;81;0;0;12;1;3;1;45,88;1;4
2220;65;0;1;16;1;3;1;45,90;1;4
2221;69;0;1;15;0;3;1;45,96;0;4
2222;68;0;1;12;1;2;2;46,01;0;4
2223;71;0;0;12;1;3;1;46,01;0;4
2224;66;0;0;14;0;3;1;46,03;1;4
2225;69;0;1;17;1;2;1;46,24;0;4
2226;74;0;0;15;1;2;1;46,24;0;4
2227;70;0;0;16;1;3;1;46,28;1;4
2228;65;0;1;12;1;1;2;46,28;1;4
2229;65;0;0;14;1;3;1;46,36;0;4
2230;64;0;1;13;1;4;1;46,36;0;4
2231;66;0;1;12;0;3;2;46,39;1;4
2232;66;0;0;12;1;2;1;46,40;1;4
2233;69;0;0;14;1;3;1;46,42;1;4
2234;68;0;1;17;1;3;1;46,50;1;4
2235;66;0;0;8;0;1;1;46,51;0;4
2236;62;0;0;13;1;5;1;46,52;0;4
2237;68;0;1;12;1;3;1;46,58;1;4
2238;65;0;0;12;1;1;1;46,58;1;4
2239;65;0;0;14;1;2;1;46,62;0;4
2240;73;0;1;13;1;1;1;46,62;0;4
2241;67;0;0;16;1;4;1;46,70;1;4
2242;67;0;1;17;1;2;1;46,70;1;4
2243;68;0;0;10;1;2;1;46,78;0;4
2244;66;0;1;12;1;3;1;46,82;1;4
2245;70;0;0;5;1;2;1;46,82;1;4
2246;66;0;0;12;1;3;2;46,84;1;4
2247;70;0;1;13;1;2;2;46,88;1;4
2248;65;0;0;11;1;2;1;46,99;1;4
2249;65;0;0;6;1;3;1;47,00;0;4
2250;69;0;0;12;1;2;1;47,04;0;4
2251;68;0;1;12;1;2;2;47,04;0;4
2252;69;0;1;16;1;1;1;47,20;1;4
2253;69;0;0;17;1;2;1;47,20;1;4
2254;68;1;0;13;1;1;2;47,30;0;4
2255;65;0;0;12;1;2;1;47,30;1;4
2256;71;0;0;17;1;1;1;47,32;1;4
2257;66;0;1;15;1;2;1;47,32;1;4
2258;65;0;0;8;1;3;1;47,36;1;4
2259;66;0;1;10;1;2;1;47,40;1;4
2260;75;0;0;16;1;3;1;47,40;1;4
2261;68;0;0;8;1;3;1;47,42;0;4
2262;66;0;1;12;1;3;2;47,42;0;4
2263;68;0;0;12;1;4;1;47,45;1;4
2264;66;0;0;10;1;5;2;47,47;1;4
2265;68;0;0;16;1;2;2;47,54;0;4
2266;68;0;1;16;1;1;1;47,54;0;4
2267;66;0;0;12;1;3;1;47,55;0;4
2268;68;0;1;12;1;3;2;47,55;1;4
2269;60;0;0;13;1;3;1;47,60;1;4
2270;65;0;0;11;1;3;1;47,68;1;4
2271;69;0;0;17;1;2;1;47,70;0;4
2272;73;0;1;15;1;2;1;47,70;0;4
2273;73;0;0;12;1;3;1;47,70;0;4
2274;66;0;1;17;1;2;1;47,70;1;4
2275;58;0;1;14;1;4;2;47,81;0;4
2276;69;0;1;13;1;2;1;47,86;0;4
2277;68;0;0;12;1;3;1;47,86;0;4
2278;67;0;0;16;1;1;1;48,00;0;4
2279;65;0;1;15;1;2;1;48,03;1;4
2280;69;0;0;16;1;2;1;48,03;1;4
2281;70;0;0;14;1;3;1;48,04;1;4
2282;66;0;0;12;1;5;2;48,10;1;4
2283;69;0;1;16;1;3;2;48,13;0;4
2284;71;0;0;16;1;4;1;48,13;0;4
2285;69;1;0;16;1;3;2;48,15;0;4
2286;66;0;0;12;1;2;1;48,16;1;4
2287;66;0;0;8;1;5;2;48,32;1;4
2288;68;0;1;12;0;2;1;48,35;0;4
2289;69;0;0;16;1;2;2;48,36;1;4
2290;68;0;1;14;1;2;2;48,36;1;4
2291;69;0;1;14;1;3;2;48,37;1;4
2292;77;0;0;14;1;4;2;48,37;1;4
2293;65;0;0;17;1;2;1;48,38;0;4
2294;62;0;0;10;1;4;1;48,50;1;4
2295;57;0;1;17;1;4;1;48,50;1;4
2296;65;0;0;14;1;3;2;48,65;0;4
2297;65;0;0;12;1;3;1;48,67;0;4
2298;65;0;0;12;1;1;1;48,72;0;4
2299;72;0;0;12;0;3;1;48,80;0;4
2300;69;0;0;17;1;5;1;48,80;0;4
2301;65;0;1;17;0;2;1;48,91;0;4
2302;65;0;0;12;1;2;1;48,98;0;4
2303;67;0;1;16;1;1;2;49,00;0;4
2304;67;0;0;17;1;1;1;49,00;1;4
2305;68;0;0;12;1;4;1;49,07;0;4
2306;65;0;0;12;0;1;2;49,08;0;4
2307;65;0;1;13;1;2;1;49,14;1;4
2308;65;0;0;17;1;2;1;49,14;1;4
2309;70;0;0;12;1;1;1;49,20;0;4
2310;66;0;0;9;1;3;1;49,20;1;4
2311;68;0;1;13;1;3;1;49,20;0;4
2312;67;0;1;12;1;2;1;49,30;0;4
2313;72;0;0;14;1;3;1;49,30;0;4
2314;71;0;0;16;1;1;1;49,38;1;4
2315;65;0;1;12;1;3;2;49,43;1;4
2316;65;0;0;12;0;3;1;49,43;0;4
2317;64;0;0;13;1;4;1;49,47;1;4
2318;66;0;1;12;1;2;2;49,47;1;4
2319;67;0;0;16;1;2;1;49,47;1;4
2320;66;0;0;14;1;4;2;49,49;1;4
2321;66;0;0;17;1;2;1;49,50;0;4
2322;73;0;0;17;1;3;1;49,52;1;4
2323;65;0;1;17;1;2;2;49,52;1;4
2324;73;0;0;15;1;3;1;49,68;0;4
2325;69;0;1;15;0;2;1;49,69;1;4
2326;69;0;0;16;1;2;2;49,70;1;4
2327;66;0;0;12;1;3;1;50,03;1;4
2328;65;0;1;12;1;2;2;50,03;1;4
2329;67;0;0;17;1;1;1;50,04;0;4
2330;67;0;1;13;1;3;1;50,04;0;4
2331;67;0;1;12;0;2;2;50,05;0;4
2332;69;0;0;8;1;2;1;50,20;1;4
2333;68;1;1;10;1;2;1;50,20;1;4
2334;58;0;0;12;0;3;1;50,23;1;4
2335;66;0;1;12;1;2;1;50,24;1;4
2336;70;0;0;12;1;2;1;50,40;1;4
2337;66;0;1;15;1;3;1;50,40;1;4
2338;65;0;0;17;1;2;1;50,49;0;4
2339;67;0;0;17;1;1;2;50,60;0;4
2340;65;0;1;16;1;3;2;50,60;0;4
2341;67;0;0;12;1;4;2;50,69;1;4
2342;66;0;1;12;1;3;2;50,69;1;4
2343;67;0;0;12;1;3;1;50,87;1;4
2344;67;0;0;12;1;3;1;50,96;1;4
2345;65;0;1;16;0;3;2;51,00;0;4
2346;65;0;1;17;0;4;1;51,01;1;4
2347;65;0;0;9;1;2;1;51,11;1;4
2348;65;0;1;12;1;1;1;51,20;1;4
2349;71;0;0;12;1;3;1;51,20;1;4
2350;68;0;1;12;1;3;1;51,23;1;4
2351;69;0;0;12;1;3;1;51,23;1;4
2352;68;0;1;8;1;2;1;51,24;1;4
2353;66;0;1;10;1;2;2;51,27;1;4
2354;72;0;0;7;1;1;1;51,27;1;4
2355;66;0;0;14;1;5;2;51,28;0;4
2356;67;0;1;14;0;2;1;51,28;1;4
2357;69;0;0;16;1;3;1;51,32;1;4
2358;67;0;1;12;1;3;1;51,32;1;4
2359;74;0;1;12;1;2;2;51,33;0;4
2360;69;0;0;14;1;1;1;51,38;0;4
2361;72;0;1;15;1;4;1;51,38;0;4
2362;66;0;1;12;0;2;2;51,40;1;4
2363;59;1;0;10;1;5;2;51,44;1;4
2364;60;0;0;12;1;3;2;51,48;1;4
2365;68;0;0;12;1;2;1;51,49;0;4
2366;66;0;1;14;1;3;1;51,49;1;4
2367;70;0;0;12;1;4;1;51,57;1;4
2368;69;0;0;12;1;2;2;51,65;1;4
2369;70;0;0;12;1;1;1;51,66;1;4
2370;65;0;1;12;1;3;2;51,77;0;4
2371;66;0;1;12;0;2;2;51,77;0;4
2372;67;0;0;8;1;3;1;51,92;1;4
2373;67;0;0;15;1;1;2;51,93;1;4
2374;65;0;1;16;1;3;2;51,93;1;4
2375;73;0;0;16;1;3;1;51,94;0;4
2376;68;0;1;14;1;1;2;51,94;1;4
2377;68;0;0;12;1;2;1;51,99;0;4
2378;72;0;1;12;1;2;2;51,99;0;4
2379;65;0;1;17;1;3;1;52,04;0;4
2380;65;0;0;15;1;2;2;52,04;1;4
2381;66;0;0;16;1;3;1;52,13;1;4
2382;67;0;1;16;1;2;1;52,16;0;4
2383;68;0;0;12;1;4;2;52,16;0;4
2384;65;0;0;12;1;3;1;52,30;0;4
2385;72;0;1;12;1;1;2;52,33;0;4
2386;67;0;1;14;1;4;1;52,34;1;4
2387;65;0;0;17;1;4;1;52,34;1;4
2388;69;0;0;12;1;3;1;52,34;0;4
2389;66;0;0;12;1;1;1;52,40;1;4
2390;66;0;0;10;1;2;1;52,44;1;4
2391;65;0;1;16;1;2;1;52,44;1;4
2392;65;0;1;12;1;1;2;52,51;1;4
2393;68;0;0;13;1;4;1;52,51;1;4
2394;73;0;0;14;1;2;1;52,54;0;4
2395;65;0;1;15;1;2;1;52,59;1;4
2396;72;0;0;17;1;3;1;52,59;1;4
2397;65;0;0;15;0;4;2;52,60;0;4
2398;66;0;0;13;1;3;2;52,64;1;4
2399;72;0;0;12;1;5;1;52,64;0;4
2400;67;0;1;12;1;4;1;52,64;0;4
2401;68;0;0;17;1;4;1;52,76;0;4
2402;69;0;1;17;1;1;1;52,76;1;4
2403;70;0;0;12;1;4;1;52,78;1;4
2404;65;0;1;12;1;3;1;52,80;0;4
2405;72;0;0;13;1;3;1;52,80;1;4
2406;67;0;0;12;0;2;1;52,82;1;4
2407;68;0;1;16;1;2;1;52,83;1;4
2408;71;0;0;14;1;1;1;52,83;1;4
2409;65;0;0;12;1;3;1;52,85;1;4
2410;69;0;1;13;1;2;2;52,85;1;4
2411;67;0;0;17;1;2;1;52,92;0;4
2412;68;0;1;12;1;2;1;52,92;0;4
2413;66;1;0;2;1;3;1;52,94;1;4
2414;75;0;0;16;1;2;2;53,00;1;4
2415;79;0;0;16;1;5;1;53,01;1;4
2416;67;0;1;17;1;2;1;53,01;1;4
2417;81;0;0;17;1;2;1;53,21;1;4
2418;66;0;1;16;1;2;2;53,21;1;4
2419;73;0;0;8;1;3;1;53,24;0;4
2420;69;0;1;12;1;2;1;53,24;0;4
2421;65;0;0;9;1;3;1;53,28;1;4
2422;66;0;1;12;1;1;1;53,30;0;4
2423;68;0;0;12;1;3;1;53,42;1;4
2424;69;0;0;16;1;4;1;53,48;1;4
2425;69;0;0;13;1;2;1;53,48;1;4
2426;65;0;1;12;1;2;1;53,48;1;4
2427;68;0;0;14;1;2;1;53,51;0;4
2428;68;0;1;12;1;1;2;53,51;0;4
2429;71;0;0;14;1;3;2;53,51;0;4
2430;69;0;1;12;1;1;2;53,51;0;4
2431;75;0;0;16;1;4;1;53,57;0;4
2432;65;0;1;6;1;2;2;53,60;0;4
2433;64;0;0;12;1;3;2;53,60;0;4
2434;67;0;0;17;1;1;1;53,81;0;4
2435;71;0;0;9;1;2;1;53,84;0;4
2436;66;1;1;17;0;3;1;53,86;1;4
2437;70;0;0;12;1;1;1;53,90;0;4
2438;67;0;0;16;1;2;1;53,99;0;4
2439;67;0;1;16;1;3;1;53,99;0;4
2440;65;0;0;14;1;2;2;54,00;1;4
2441;68;0;1;12;0;2;1;54,04;0;4
2442;69;0;1;12;1;2;1;54,11;1;4
2443;70;0;0;13;1;5;1;54,11;1;4
2444;65;0;0;13;1;3;1;54,11;1;4
2445;75;0;0;13;1;3;1;54,16;1;4
2446;61;0;0;12;1;3;1;54,23;1;4
2447;66;0;0;12;1;3;1;54,24;1;4
2448;60;0;0;12;1;5;2;54,25;1;4
2449;63;0;0;12;1;3;1;54,26;1;4
2450;65;0;0;9;1;2;1;54,30;1;4
2451;66;0;1;12;1;3;2;54,34;0;4
2452;68;0;0;13;1;1;2;54,35;0;4
2453;69;0;1;12;1;2;1;54,35;0;4
2454;65;1;0;6;1;4;2;54,40;0;4
2455;65;0;0;12;0;4;2;54,40;0;4
2456;65;0;0;17;1;3;1;54,42;1;4
2457;77;0;0;16;1;2;2;54,48;1;4
2458;67;0;1;12;1;3;2;54,48;1;4
2459;69;0;0;12;1;2;1;54,53;1;4
2460;73;0;0;16;1;4;1;54,54;1;4
2461;67;0;1;14;1;3;1;54,54;1;4
2462;62;0;0;12;1;4;1;54,56;1;4
2463;67;0;0;12;1;4;1;54,61;0;4
2464;68;0;1;14;1;3;2;54,61;0;4
2465;65;0;1;12;1;1;2;54,67;1;4
2466;66;0;0;16;1;2;1;54,67;1;4
2467;65;0;0;8;1;3;1;54,70;0;4
2468;63;0;0;12;1;4;2;54,72;1;4
2469;67;0;0;12;1;2;1;54,79;0;4
2470;67;0;1;13;1;2;1;54,79;0;4
2471;67;0;1;14;0;1;1;54,82;1;4
2472;68;0;1;12;1;2;1;54,88;0;4
2473;70;0;0;11;1;2;1;54,88;0;4
2474;69;0;1;12;1;2;1;54,92;1;4
2475;76;0;0;16;1;2;1;54,92;0;4
2476;65;0;0;12;1;3;1;54,92;0;4
2477;65;0;0;12;1;2;2;54,93;1;4
2478;66;0;0;16;1;1;1;55,00;0;4
2479;67;0;1;16;1;1;2;55,00;0;4
2480;67;0;0;17;1;4;1;55,00;0;4
2481;65;0;0;13;1;1;1;55,02;1;4
2482;67;0;0;16;1;3;1;55,04;0;4
2483;65;0;1;12;0;2;1;55,20;0;4
2484;70;0;0;16;1;2;1;55,27;0;4
2485;68;0;1;13;1;3;2;55,27;0;4
2486;66;0;1;16;1;3;2;55,30;0;4
2487;67;0;0;17;1;1;1;55,30;1;4
2488;67;0;0;17;1;1;1;55,40;1;4
2489;67;0;1;13;1;2;2;55,40;0;4
2490;66;0;0;17;1;1;1;55,40;1;4
2491;66;0;1;12;1;1;1;55,40;1;4
2492;58;0;1;11;1;5;2;55,40;1;4
2493;67;0;0;17;1;2;1;55,42;0;4
2494;66;0;1;14;0;2;2;55,51;0;4
2495;66;0;0;15;0;4;1;55,58;1;4
2496;65;0;0;17;1;3;1;55,60;0;4
2497;60;0;0;13;1;4;2;55,66;0;4
2498;66;0;0;16;1;2;1;55,67;1;4
2499;65;0;1;13;1;3;2;55,67;1;4
2500;70;0;0;16;1;2;2;55,78;1;4
2501;67;0;1;12;1;3;2;55,78;1;4
2502;68;0;0;12;1;2;2;55,93;1;4
2503;67;0;1;12;1;2;1;55,93;1;4
2504;67;0;0;17;1;1;1;56,00;1;4
2505;67;0;0;12;1;3;1;56,06;1;4
2506;66;0;1;12;1;1;2;56,40;1;4
2507;68;0;0;12;1;3;1;56,48;1;4
2508;67;0;0;12;1;3;1;56,54;0;4
2509;65;0;1;13;1;2;2;56,61;0;4
2510;72;0;0;17;0;3;1;56,71;1;4
2511;71;0;1;15;1;2;1;56,74;0;4
2512;65;0;1;13;1;2;2;56,80;1;4
2513;66;0;0;11;1;4;1;56,80;1;4
2514;65;0;1;13;1;3;2;56,85;0;4
2515;68;0;0;12;1;2;1;56,85;1;4
2516;67;0;0;12;1;2;1;56,98;0;4
2517;52;0;1;12;1;4;2;56,98;0;4
2518;65;0;0;12;1;3;1;56,98;0;4
2519;64;0;1;10;1;5;2;56,98;0;4
2520;66;0;0;12;1;2;1;56,98;0;4
2521;67;0;0;12;1;3;1;56,98;1;4
2522;63;0;1;10;1;5;2;56,98;1;4
2523;60;0;0;12;1;3;1;57,15;1;4
2524;66;0;0;12;1;2;1;57,27;1;4
2525;67;0;0;16;1;3;1;57,34;1;4
2526;65;0;1;13;1;1;1;57,34;1;4
2527;68;0;1;12;0;2;1;57,34;0;4
2528;68;0;1;14;1;3;1;57,37;0;4
2529;60;0;0;10;1;5;2;57,46;0;4
2530;60;0;1;10;1;4;2;57,49;1;4
2531;60;0;0;16;1;4;2;57,54;1;4
2532;67;0;1;16;0;1;1;57,58;0;4
2533;68;0;0;13;1;5;1;57,60;1;4
2534;71;0;0;17;1;3;1;57,72;0;4
2535;64;0;0;11;1;2;2;57,76;1;4
2536;66;0;0;12;1;3;1;57,80;0;4
2537;66;0;0;10;1;4;1;57,90;1;4
2538;59;0;0;12;1;3;2;58,25;1;4
2539;66;0;0;12;1;3;1;58,35;0;4
2540;64;0;0;12;1;3;1;58,60;1;4
2541;62;0;0;16;1;1;1;58,64;1;4
2542;69;0;1;14;0;3;2;58,68;0;4
2543;69;0;0;16;1;3;1;58,70;1;4
2544;68;0;1;12;1;1;1;58,70;1;4
2545;65;0;1;13;1;3;2;58,77;1;4
2546;65;0;0;16;1;2;1;58,77;0;4
2547;66;0;1;16;1;4;1;58,80;1;4
2548;68;0;0;12;1;3;2;58,80;1;4
2549;69;0;1;12;1;2;2;58,90;1;4
2550;67;0;0;16;1;2;2;58,90;1;4
2551;65;0;0;14;1;4;1;59,00;0;4
2552;66;0;1;12;1;2;1;59,02;0;4
2553;68;0;0;16;1;2;1;59,02;0;4
2554;73;0;0;10;1;2;1;59,10;1;4
2555;71;0;0;12;0;3;1;59,14;1;4
2556;58;0;0;12;1;4;1;59,30;1;4
2557;65;1;0;12;0;3;2;59,31;1;4
2558;68;1;0;3;1;3;1;59,32;1;4
2559;66;0;0;17;1;2;2;59,61;1;4
2560;66;0;1;17;1;3;1;59,61;1;4
2561;67;0;0;13;1;2;1;59,62;1;4
2562;67;0;0;8;1;3;1;59,90;1;4
2563;66;0;1;12;1;3;1;59,90;1;4
2564;62;0;0;10;1;3;1;60,01;1;4
2565;69;0;1;17;0;3;1;60,10;1;4
2566;67;0;1;13;0;2;1;60,39;0;5
2567;66;0;1;12;1;3;1;60,40;0;5
2568;69;0;0;13;1;2;1;60,40;0;5
2569;65;0;0;12;1;1;2;60,41;0;5
2570;68;0;0;12;1;1;1;60,53;1;5
2571;67;0;1;14;1;2;1;60,60;1;5
2572;72;0;0;17;1;3;1;60,60;1;5
2573;62;0;0;10;1;3;1;60,60;1;5
2574;67;0;0;17;1;2;1;60,70;0;5
2575;69;1;1;12;1;3;2;60,70;1;5
2576;75;0;0;12;1;3;1;60,75;0;5
2577;67;0;0;14;1;3;1;60,76;0;5
2578;68;0;0;8;1;3;2;60,82;0;5
2579;69;0;1;15;1;2;1;60,82;0;5
2580;65;0;0;14;1;3;1;60,83;1;5
2581;65;0;0;13;1;1;1;60,90;0;5
2582;65;0;0;14;1;2;2;61,15;0;5
2583;65;0;1;12;0;1;2;61,17;0;5
2584;66;0;0;12;0;2;1;61,20;1;5
2585;67;0;0;14;1;3;1;61,20;1;5
2586;67;0;1;17;1;2;1;61,20;1;5
2587;65;0;0;17;1;1;1;61,21;0;5
2588;66;0;1;12;1;1;1;61,30;1;5
2589;67;0;0;14;1;2;1;61,30;1;5
2590;66;1;0;12;1;2;1;61,36;1;5
2591;66;0;0;17;1;3;1;61,39;1;5
2592;66;0;0;15;1;1;1;61,48;0;5
2593;69;0;0;15;1;2;1;61,56;1;5
2594;65;0;1;14;1;3;2;61,62;0;5
2595;69;0;0;14;1;4;1;61,62;0;5
2596;70;0;0;12;1;3;2;61,66;0;5
2597;66;0;1;12;1;3;1;61,66;0;5
2598;68;0;1;12;1;3;2;61,71;0;5
2599;72;0;0;12;1;3;1;61,79;1;5
2600;67;0;1;14;1;2;1;61,79;1;5
2601;65;0;0;12;1;2;1;61,80;0;5
2602;61;0;1;10;1;3;1;61,96;1;5
2603;65;0;0;11;1;2;1;61,96;1;5
2604;62;0;1;11;1;4;2;62,00;1;5
2605;67;0;0;12;1;3;1;62,00;0;5
2606;63;0;0;12;1;4;1;62,03;1;5
2607;61;0;0;17;1;3;1;62,20;1;5
2608;64;0;0;17;1;2;1;62,26;1;5
2609;65;0;1;17;1;3;1;62,26;1;5
2610;72;0;0;12;1;2;1;62,29;1;5
2611;66;0;1;16;1;3;1;62,29;1;5
2612;66;0;0;12;1;4;1;62,42;0;5
2613;66;0;0;17;1;1;1;62,48;1;5
2614;66;0;0;16;1;2;1;62,48;1;5
2615;67;0;0;17;1;4;1;62,50;0;5
2616;65;0;1;13;1;2;2;62,50;0;5
2617;66;0;1;11;1;4;2;62,51;1;5
2618;65;0;0;12;1;1;1;62,52;0;5
2619;65;0;0;12;1;2;1;62,74;0;5
2620;72;0;0;14;1;3;1;62,74;1;5
2621;66;0;0;10;1;4;2;62,80;1;5
2622;67;0;1;15;1;4;2;62,94;1;5
2623;66;0;0;17;1;2;1;62,94;1;5
2624;69;0;0;12;1;3;2;63,00;1;5
2625;65;0;1;17;0;3;1;63,06;0;5
2626;63;0;0;16;1;3;2;63,20;1;5
2627;65;0;1;15;0;1;2;63,21;0;5
2628;69;0;1;16;1;1;2;63,24;1;5
2629;69;0;0;12;1;2;1;63,24;1;5
2630;80;0;0;12;1;4;1;63,42;1;5
2631;70;0;0;14;1;3;2;63,44;0;5
2632;67;0;1;12;1;2;1;63,44;1;5
2633;68;0;0;13;1;3;1;63,54;1;5
2634;65;0;0;17;1;1;1;63,54;1;5
2635;68;0;1;15;1;1;1;63,56;0;5
2636;66;0;0;13;1;1;1;63,56;0;5
2637;70;0;0;11;1;1;1;63,65;0;5
2638;65;0;1;12;1;4;2;63,68;1;5
2639;68;0;1;12;1;3;1;63,68;0;5
2640;70;0;0;14;1;4;1;63,68;1;5
2641;66;0;0;12;0;3;1;63,73;1;5
2642;68;0;1;15;1;2;2;63,86;1;5
2643;73;0;0;16;1;1;1;63,86;1;5
2644;65;0;0;17;1;3;1;63,94;1;5
2645;67;0;0;12;1;1;1;64,27;0;5
2646;68;0;1;16;1;2;1;64,33;1;5
2647;66;0;0;16;1;4;1;64,35;1;5
2648;65;0;1;16;1;3;2;64,35;1;5
2649;72;0;0;10;1;2;2;64,36;0;5
2650;66;0;1;12;1;1;1;64,36;1;5
2651;65;0;1;10;1;2;1;64,49;1;5
2652;68;0;0;12;1;3;1;64,69;1;5
2653;66;0;1;12;1;3;2;64,69;1;5
2654;67;0;0;16;1;1;1;64,88;1;5
2655;66;0;0;10;1;3;1;64,89;1;5
2656;67;0;1;14;1;3;1;64,89;1;5
2657;72;0;0;17;1;3;1;64,92;0;5
2658;69;0;1;13;1;2;2;64,92;1;5
2659;65;0;0;16;1;4;2;65,01;1;5
2660;63;0;0;16;1;3;1;65,05;0;5
2661;73;0;0;10;1;5;1;65,13;1;5
2662;72;0;0;12;1;2;1;65,32;1;5
2663;59;0;0;11;1;3;1;65,34;1;5
2664;65;0;0;17;1;3;1;65,41;1;5
2665;68;0;0;16;1;2;1;65,54;0;5
2666;70;0;0;12;1;1;1;65,62;0;5
2667;69;0;1;14;1;2;2;65,88;0;5
2668;72;0;0;17;1;2;1;66,02;1;5
2669;62;0;0;10;1;5;1;66,02;1;5
2670;66;0;0;14;1;3;2;66,04;0;5
2671;65;0;1;12;1;2;2;66,04;0;5
2672;69;0;1;12;1;2;1;66,04;1;5
2673;58;0;1;12;1;3;2;66,18;1;5
2674;69;0;0;10;1;2;2;66,28;1;5
2675;65;1;0;8;1;3;2;66,34;1;5
2676;72;0;0;17;1;2;1;66,35;0;5
2677;67;0;1;17;1;2;1;66,53;0;5
2678;68;0;0;17;1;2;2;66,53;1;5
2679;66;0;1;17;0;1;2;66,58;0;5
2680;66;0;1;17;0;2;1;66,76;1;5
2681;69;0;0;17;1;2;1;66,88;0;5
2682;65;0;1;17;1;2;1;66,88;0;5
2683;68;0;0;12;1;3;1;66,88;1;5
2684;68;0;1;12;1;3;1;66,88;1;5
2685;66;0;0;12;1;2;1;67,17;1;5
2686;65;0;1;12;1;3;1;67,17;1;5
2687;71;0;0;12;1;2;2;67,50;1;5
2688;68;0;0;16;1;2;2;67,56;0;5
2689;65;0;0;17;1;1;1;67,62;1;5
2690;65;0;0;8;1;3;2;67,63;0;5
2691;68;0;0;14;1;2;2;67,64;1;5
2692;59;0;0;12;1;3;1;68,00;0;5
2693;65;0;0;16;1;1;2;68,22;1;5
2694;63;0;0;9;1;4;1;68,53;0;5
2695;63;0;1;13;1;1;1;68,59;1;5
2696;68;0;0;13;1;1;1;68,88;0;5
2697;67;0;0;14;1;2;2;68,93;0;5
2698;71;0;0;17;1;2;1;68,97;0;5
2699;71;0;0;17;1;2;1;69,00;1;5
2700;69;0;1;13;1;1;1;69,00;0;5
2701;70;0;0;17;1;3;1;69,16;0;5
2702;73;0;0;14;1;2;1;69,44;0;5
2703;65;0;1;12;1;2;2;69,60;1;5
2704;67;0;0;17;1;1;1;69,60;0;5
2705;68;0;0;17;1;1;1;69,60;1;5
2706;61;0;1;9;1;4;2;69,71;0;5
2707;65;0;0;12;1;3;1;69,83;1;5
2708;68;0;1;12;1;2;1;69,83;1;5
2709;67;0;1;13;1;2;1;70,00;0;5
2710;70;0;0;12;1;1;1;70,00;0;5
2711;66;1;1;17;0;3;2;70,19;1;5
2712;65;0;1;14;1;1;1;70,45;1;5
2713;72;0;0;14;1;1;1;70,45;1;5
2714;66;0;0;16;1;1;1;70,54;0;5
2715;68;0;0;9;1;3;1;70,60;0;5
2716;66;0;0;17;1;1;2;70,69;1;5
2717;67;0;1;17;1;3;1;70,76;1;5
2718;74;0;0;17;1;1;1;70,76;1;5
2719;68;0;0;16;1;2;1;70,97;0;5
2720;66;0;1;12;1;2;2;71,07;0;5
2721;68;0;0;12;1;1;1;71,07;0;5
2722;66;0;0;16;1;3;1;71,09;0;5
2723;67;0;1;14;1;2;1;71,09;0;5
2724;74;0;0;16;1;2;1;71,14;1;5
2725;67;0;1;17;1;2;1;71,14;1;5
2726;65;0;1;16;1;2;1;71,20;0;5
2727;66;0;0;17;1;3;1;71,20;0;5
2728;66;0;0;17;1;3;1;71,55;0;5
2729;66;0;0;16;1;2;1;71,76;0;5
2730;60;0;1;14;1;5;1;71,76;0;5
2731;68;0;1;16;0;5;1;71,89;1;5
2732;68;0;1;17;0;1;1;71,94;1;5
2733;65;0;1;11;1;1;2;72,09;1;5
2734;68;0;0;12;1;2;1;72,12;0;5
2735;67;0;0;12;1;2;1;72,22;1;5
2736;67;0;1;12;1;1;2;72,22;1;5
2737;66;0;0;15;1;4;2;72,36;1;5
2738;66;0;1;12;1;1;2;72,39;0;5
2739;65;0;1;12;1;2;1;72,40;0;5
2740;71;0;0;17;1;3;1;72,46;1;5
2741;66;0;1;12;1;3;2;72,46;1;5
2742;67;0;1;12;1;4;1;72,54;1;5
2743;67;0;0;12;1;3;1;72,54;1;5
2744;72;0;0;17;1;2;1;72,80;0;5
2745;65;0;1;14;1;2;1;72,86;1;5
2746;69;0;0;16;1;3;1;72,86;1;5
2747;67;0;1;13;0;1;1;72,91;1;5
2748;69;0;0;12;1;3;1;72,96;1;5
2749;69;0;0;11;1;3;2;73,01;1;5
2750;69;0;0;16;1;2;1;73,06;1;5
2751;70;0;0;12;1;3;1;73,08;0;5
2752;67;0;0;17;1;3;1;73,21;1;5
2753;68;0;1;17;1;3;1;73,21;1;5
2754;65;0;1;12;1;3;2;73,36;0;5
2755;65;0;0;12;1;3;1;73,36;0;5
2756;66;0;1;13;1;1;1;73,43;1;5
2757;65;0;0;9;1;3;1;73,43;0;5
2758;67;0;0;12;1;2;2;73,46;0;5
2759;65;0;1;14;1;1;2;73,46;0;5
2760;67;0;0;12;1;3;1;73,50;0;5
2761;67;0;1;17;1;2;1;73,51;0;5
2762;71;0;0;16;1;1;2;73,51;0;5
2763;68;0;0;12;1;2;2;73,69;0;5
2764;66;0;0;16;1;3;2;73,97;1;5
2765;62;0;1;12;1;4;2;73,99;1;5
2766;70;0;0;8;1;3;1;73,99;1;5
2767;69;0;0;12;1;3;1;74,20;1;5
2768;69;0;1;12;1;2;2;74,26;1;5
2769;65;0;1;15;0;2;2;74,30;1;5
2770;67;0;1;17;0;1;2;74,37;0;5
2771;70;0;1;14;1;1;1;74,44;1;5
2772;68;0;0;17;1;2;1;74,44;1;5
2773;69;0;1;8;0;3;1;74,56;0;5
2774;66;0;1;12;0;4;2;74,80;0;5
2775;65;0;0;17;0;2;2;74,80;1;5
2776;68;0;0;17;1;1;1;74,98;1;5
2777;68;0;0;15;1;1;1;75,09;1;5
2778;65;0;0;12;1;2;1;75,32;1;5
2779;68;0;1;14;1;3;2;75,41;0;5
2780;72;0;0;17;1;1;1;75,41;0;5
2781;69;0;1;17;1;1;1;75,65;0;5
2782;68;0;0;17;1;2;2;75,65;0;5
2783;65;0;0;12;1;2;1;75,68;1;5
2784;70;0;0;17;1;2;1;75,80;1;5
2785;68;0;1;12;1;3;2;75,80;1;5
2786;73;0;1;13;1;2;1;76,02;0;5
2787;66;0;0;17;1;2;1;76,02;0;5
2788;67;0;1;12;1;2;2;76,09;0;5
2789;66;0;0;12;1;1;1;76,09;0;5
2790;65;0;0;12;1;3;1;76,10;1;5
2791;68;0;0;14;1;1;2;76,11;0;5
2792;67;0;1;17;1;2;2;76,11;1;5
2793;67;0;0;17;1;2;2;76,16;0;5
2794;55;0;1;13;1;5;2;76,30;1;5
2795;70;0;0;17;1;2;1;76,47;1;5
2796;65;0;1;17;1;2;2;76,47;1;5
2797;74;0;0;12;1;1;1;76,53;0;5
2798;68;0;1;12;1;4;2;76,55;0;5
2799;69;0;0;12;1;2;1;76,55;0;5
2800;65;0;0;12;1;2;2;76,56;0;5
2801;65;0;0;14;1;4;2;76,56;1;5
2802;70;0;0;16;1;3;1;76,95;0;5
2803;63;0;1;16;1;3;2;77,04;0;5
2804;67;0;0;14;1;2;1;77,09;0;5
2805;67;0;1;14;1;3;1;77,09;1;5
2806;65;0;0;13;1;2;2;77,10;1;5
2807;69;0;0;10;1;3;1;77,30;1;5
2808;67;0;0;12;1;2;2;77,53;0;5
2809;69;0;0;17;1;2;1;77,61;1;5
2810;65;0;0;13;1;3;2;77,85;0;5
2811;69;0;1;13;1;3;2;77,88;1;5
2812;68;0;0;13;1;2;1;77,88;0;5
2813;68;0;0;15;1;3;1;78,31;0;5
2814;65;0;1;16;1;2;2;78,40;1;5
2815;65;0;0;17;1;3;1;78,40;1;5
2816;67;0;1;17;1;4;1;78,49;0;5
2817;66;0;0;16;1;1;1;78,50;0;5
2818;68;0;1;12;0;2;1;78,56;0;5
2819;68;0;0;12;0;2;2;78,85;0;5
2820;65;0;1;17;0;2;1;79,18;1;5
2821;66;0;0;12;1;3;1;79,50;0;5
2822;66;0;0;8;1;2;1;79,53;0;5
2823;62;0;1;12;1;5;1;79,53;1;5
2824;71;0;1;11;1;5;2;79,57;0;5
2825;69;0;0;15;1;1;2;79,57;0;5
2826;66;0;0;12;1;2;1;79,64;0;5
2827;65;0;1;15;1;2;1;79,64;0;5
2828;73;0;0;16;1;4;1;79,74;1;5
2829;63;0;1;17;1;3;1;79,74;1;5
2830;65;0;0;17;1;2;2;79,80;1;5
2831;67;0;1;12;0;1;2;79,85;1;5
2832;71;0;0;16;1;4;1;79,88;0;5
2833;67;0;1;17;1;2;1;79,88;0;5
2834;62;0;0;8;1;5;1;80,23;1;5
2835;65;0;0;17;1;1;2;80,30;0;5
2836;68;0;0;11;1;3;1;80,31;0;5
2837;66;0;0;17;0;1;1;80,32;1;5
2838;68;0;0;12;1;3;1;80,40;1;5
2839;66;0;1;14;1;3;2;80,41;0;5
2840;71;0;0;12;1;3;1;80,47;1;5
2841;68;0;1;12;1;3;1;80,47;1;5
2842;68;0;1;16;1;2;2;80,57;1;5
2843;70;0;0;17;1;2;1;80,70;0;5
2844;66;0;1;12;0;3;1;80,98;0;5
2845;69;0;0;13;1;4;1;81,00;0;5
2846;65;0;1;12;1;3;2;81,00;1;5
2847;66;0;0;17;1;2;1;81,00;1;5
2848;65;0;1;17;1;3;1;81,00;0;5
2849;66;0;1;14;0;2;1;81,10;0;5
2850;71;0;0;11;1;2;1;81,13;1;5
2851;69;0;0;16;1;3;2;81,13;0;5
2852;66;0;1;16;1;4;1;81,13;1;5
2853;65;0;1;11;1;2;2;81,20;1;5
2854;70;0;0;10;1;1;2;81,20;1;5
2855;65;0;0;8;1;5;1;81,28;0;5
2856;68;0;0;16;1;2;1;81,48;1;5
2857;68;0;0;16;1;1;1;81,92;1;5
2858;66;0;1;14;1;2;2;81,94;1;5
2859;67;0;0;15;1;4;2;81,94;1;5
2860;65;0;0;12;1;2;1;82,03;0;5
2861;71;0;0;14;1;2;1;82,22;1;5
2862;72;0;0;16;1;3;1;82,70;1;5
2863;67;0;0;12;1;3;2;82,75;0;5
2864;70;0;0;17;1;2;1;82,84;1;5
2865;65;0;0;17;1;1;1;82,85;0;5
2866;65;0;1;12;1;1;1;83,26;1;5
2867;67;0;0;14;1;3;1;83,26;1;5
2868;67;0;0;12;1;2;1;83,48;0;5
2869;66;0;1;14;0;3;2;83,58;0;5
2870;67;0;0;16;1;2;1;84,22;1;5
2871;67;0;0;12;1;2;1;84,51;1;5
2872;69;0;1;10;1;5;1;84,51;1;5
2873;67;0;0;17;1;2;2;84,60;0;5
2874;65;0;1;12;1;2;2;84,60;0;5
2875;69;0;0;16;1;4;1;84,74;0;5
2876;69;0;1;15;1;2;1;84,74;0;5
2877;67;0;0;11;1;4;1;85,01;1;5
2878;67;0;1;13;0;1;2;85,02;1;5
2879;66;0;1;16;1;2;1;85,08;1;5
2880;71;0;0;16;1;2;1;85,08;1;5
2881;71;0;0;17;1;2;1;85,19;1;5
2882;65;0;0;13;1;3;2;85,30;1;5
2883;65;0;0;16;0;1;1;85,35;0;5
2884;71;0;0;16;1;2;1;85,44;1;5
2885;60;0;0;12;1;3;2;85,49;1;5
2886;65;0;0;16;1;2;1;86,33;0;5
2887;66;0;1;10;1;1;2;86,44;0;5
2888;66;0;0;14;1;3;1;86,49;0;5
2889;67;0;0;12;1;2;2;86,70;1;5
2890;67;0;1;16;1;2;1;86,70;1;5
2891;68;0;0;14;1;2;1;87,00;0;5
2892;65;0;1;14;1;2;1;87,00;0;5
2893;71;0;0;17;1;3;1;87,20;1;5
2894;70;0;0;17;1;1;2;87,32;0;5
2895;66;0;0;12;1;2;1;87,48;0;5
2896;58;0;1;12;1;4;2;87,60;0;5
2897;66;0;0;12;1;3;2;87,84;0;5
2898;67;0;0;12;1;2;2;88,43;1;5
2899;65;0;0;15;1;3;1;88,60;0;5
2900;67;0;1;12;1;2;1;88,60;0;5
2901;67;0;0;17;1;3;2;88,73;1;5
2902;65;0;1;12;1;2;2;88,73;1;5
2903;69;0;1;12;0;2;2;88,75;0;5
2904;65;0;0;16;1;3;1;88,86;1;5
2905;65;0;1;15;1;1;1;88,86;0;5
2906;66;0;0;16;1;2;1;89,23;0;5
2907;68;0;1;12;1;1;1;89,32;0;5
2908;67;0;0;12;1;3;1;89,32;0;5
2909;67;0;0;17;1;3;1;89,93;0;5
2910;67;0;0;16;1;2;2;90,06;0;5
2911;67;0;1;16;1;3;1;90,06;0;5
2912;69;0;0;17;1;1;1;90,46;0;5
2913;70;0;0;15;1;4;1;90,74;1;5
2914;68;0;1;12;1;3;2;90,74;1;5
2915;66;0;0;12;1;4;1;90,79;1;5
2916;65;0;1;12;1;5;2;90,79;1;5
2917;69;0;0;17;1;1;1;91,64;0;5
2918;66;0;1;12;1;2;2;92,28;1;5
2919;67;0;0;12;1;2;1;92,28;1;5
2920;66;0;0;14;1;3;2;92,40;1;5
2921;65;0;0;13;1;2;2;92,52;1;5
2922;59;0;1;10;1;4;2;92,60;1;5
2923;67;0;0;14;1;3;1;92,60;1;5
2924;70;0;0;16;0;2;1;92,94;0;5
2925;68;1;1;6;1;4;2;93,48;0;5
2926;72;1;0;12;1;2;2;93,48;0;5
2927;66;0;0;17;1;3;2;93,50;1;5
2928;70;0;1;14;1;1;1;93,80;0;5
2929;60;0;0;16;1;3;1;94,10;1;5
2930;68;0;1;12;1;3;1;94,11;0;5
2931;66;0;1;16;0;1;1;94,17;1;5
2932;67;0;1;12;1;2;2;94,49;1;5
2933;68;0;0;12;1;1;1;94,49;1;5
2934;65;0;0;14;1;1;1;94,49;1;5
2935;68;0;1;14;1;3;2;94,64;1;5
2936;74;0;0;17;1;2;1;94,68;0;5
2937;66;0;1;13;1;2;2;94,68;0;5
2938;58;0;1;12;1;3;2;94,72;1;5
2939;70;0;0;12;1;3;1;95,04;1;5
2940;69;0;1;17;1;1;2;95,04;1;5
2941;59;0;0;17;1;3;1;95,50;0;5
2942;64;0;0;6;1;2;1;95,54;1;5
2943;67;0;1;16;1;1;2;95,76;0;5
2944;68;0;1;13;1;3;1;96,01;1;5
2945;74;0;0;12;1;3;1;96,01;1;5
2946;69;0;0;13;1;3;1;96,04;0;5
2947;69;0;0;16;1;3;1;96,23;0;5
2948;68;0;0;12;1;2;1;97,10;1;5
2949;59;0;1;11;1;3;1;97,10;1;5
2950;65;0;0;5;1;4;1;97,59;0;5
2951;66;0;1;11;1;5;1;97,59;0;5
2952;72;0;0;17;1;3;1;97,66;1;5
2953;65;0;0;12;1;2;2;97,90;0;5
2954;71;0;0;12;1;4;1;98,00;0;5
2955;65;0;1;12;1;3;1;98,14;1;5
2956;66;0;0;16;1;4;2;99,34;0;5
2957;65;0;0;12;1;2;2;99,57;1;5
2958;72;0;0;10;0;2;2;99,76;1;5
2959;67;0;0;14;1;2;2;100,00;0;5
2960;69;0;0;14;1;3;1;100,00;1;5
2961;68;0;1;17;1;2;1;100,00;1;5
2962;67;0;0;12;1;2;1;100,03;1;5
2963;68;0;0;16;1;2;1;100,38;0;5
2964;65;0;0;17;1;2;2;100,63;1;5
2965;68;0;1;13;0;1;2;100,70;0;5
2966;65;0;1;12;1;3;2;100,78;0;5
2967;68;0;0;13;1;1;1;100,78;0;5
2968;69;0;0;17;1;1;2;100,80;1;5
2969;69;0;1;16;1;4;2;100,80;1;5
2970;66;0;1;10;1;4;2;101,01;0;5
2971;67;0;1;12;1;1;1;101,19;1;5
2972;70;0;0;16;1;1;1;101,19;1;5
2973;66;0;0;17;0;2;1;101,31;1;5
2974;65;0;0;11;1;2;1;101,56;0;5
2975;71;0;1;13;1;2;2;102,40;0;5
2976;68;0;1;12;1;4;2;102,41;1;5
2977;65;0;0;12;1;4;2;102,49;1;5
2978;71;0;1;17;1;4;1;102,49;0;5
2979;67;0;1;12;1;2;1;102,94;0;5
2980;82;0;0;12;1;1;1;102,94;0;5
2981;66;0;0;12;1;3;1;103,33;0;5
2982;73;0;0;17;1;1;1;103,41;1;5
2983;66;0;0;17;1;1;1;103,80;1;5
2984;67;0;1;12;1;1;1;103,86;1;5
2985;67;0;0;9;1;2;1;103,86;1;5
2986;67;0;1;12;1;2;2;104,05;1;5
2987;65;0;0;13;1;3;1;104,05;1;5
2988;65;0;0;12;1;2;1;104,17;1;5
2989;65;0;0;14;1;3;1;104,30;1;5
2990;69;0;1;12;1;2;2;104,50;1;5
2991;67;0;0;13;1;2;1;104,50;1;5
2992;65;0;0;17;1;1;2;105,89;1;5
2993;68;0;1;16;1;2;1;106,60;1;5
2994;67;0;0;17;1;1;1;106,60;1;5
2995;66;0;1;17;1;3;1;107,20;0;5
2996;70;0;0;14;1;3;2;107,20;0;5
2997;66;0;0;16;1;3;1;107,20;0;5
2998;68;0;0;17;1;2;1;107,24;0;5
2999;66;0;1;16;1;3;1;107,24;0;5
3000;68;0;0;17;1;2;1;107,25;0;5
3001;69;0;0;10;1;3;1;108,13;1;5
3002;68;0;0;17;1;1;2;108,50;0;5
3003;67;0;1;13;1;2;1;108,50;0;5
3004;68;0;0;16;1;4;2;108,86;1;5
3005;67;0;0;12;1;2;1;109,20;1;5
3006;76;0;0;12;1;2;1;109,54;0;5
3007;69;0;0;15;1;2;2;109,63;1;5
3008;73;0;0;12;0;4;1;109,74;0;5
3009;67;0;0;16;1;1;2;109,84;1;5
3010;68;0;0;17;1;3;1;110,40;1;5
3011;67;0;0;12;1;3;1;110,85;1;5
3012;58;1;1;12;1;4;1;110,97;1;5
3013;69;0;1;15;1;4;2;111,00;0;5
3014;68;0;0;17;1;3;2;111,00;0;5
3015;74;0;0;10;1;1;1;111,71;1;5
3016;68;0;0;17;1;2;1;111,97;1;5
3017;65;0;1;17;1;3;1;112,56;1;5
3018;71;0;0;17;1;4;1;112,56;1;5
3019;69;0;0;8;1;2;2;112,56;0;5
3020;65;0;1;12;1;3;2;112,56;0;5
3021;66;0;1;16;1;2;2;112,72;1;5
3022;67;0;0;17;1;2;1;112,72;1;5
3023;61;0;1;17;1;3;1;113,05;0;5
3024;74;0;0;17;1;3;1;113,20;1;5
3025;66;0;1;17;1;1;1;113,20;1;5
3026;67;0;0;17;1;3;1;113,64;1;5
3027;65;0;0;12;1;1;2;113,72;1;5
3028;66;0;0;15;1;2;1;114,20;0;5
3029;69;1;0;12;1;1;2;115,13;0;5
3030;66;0;1;12;1;3;2;115,43;1;5
3031;72;0;0;14;1;2;1;115,73;1;5
3032;68;0;1;17;1;2;1;115,95;1;5
3033;70;0;0;16;1;4;1;115,95;1;5
3034;65;0;0;17;1;4;1;116,14;1;5
3035;71;0;0;17;1;4;1;116,71;1;5
3036;67;0;1;12;1;2;1;116,71;1;5
3037;65;0;0;12;1;2;1;117,30;0;5
3038;68;0;0;16;1;2;1;118,22;1;5
3039;66;0;1;15;1;2;2;118,22;1;5
3040;66;0;1;12;1;2;1;118,53;0;5
3041;70;0;0;14;1;3;1;118,53;0;5
3042;69;0;0;16;1;1;1;119,60;0;5
3043;65;0;0;16;1;4;2;120,92;1;5
3044;66;0;1;17;1;3;2;121,65;0;5
3045;68;0;0;16;1;2;1;121,65;1;5
3046;65;0;1;16;1;2;1;121,75;0;5
3047;65;0;0;17;1;2;1;122,00;0;5
3048;65;0;1;14;1;3;2;122,07;1;5
3049;66;0;0;14;1;4;2;122,07;1;5
3050;77;0;0;17;1;2;1;122,20;0;5
3051;67;0;1;12;1;3;1;122,20;1;5
3052;68;0;1;12;1;4;1;122,60;0;5
3053;70;0;0;13;1;1;1;122,60;0;5
3054;71;0;0;12;1;1;1;123,09;1;5
3055;66;0;1;13;1;2;2;123,09;1;5
3056;69;0;1;16;1;2;1;124,28;1;5
3057;73;0;0;17;1;1;1;124,28;1;5
3058;66;0;1;16;1;2;2;124,35;0;5
3059;66;0;0;16;1;2;2;124,35;0;5
3060;66;0;0;16;1;2;1;124,96;1;5
3061;67;0;0;9;1;3;1;125,08;0;5
3062;64;0;1;14;1;4;2;125,21;0;5
3063;68;0;1;14;0;4;1;125,86;0;5
3064;67;0;1;12;1;2;1;126,38;0;5
3065;68;0;0;16;1;2;1;126,38;0;5
3066;67;0;1;13;1;1;2;126,73;0;5
3067;67;0;0;17;1;2;2;126,73;0;5
3068;65;0;0;15;1;1;1;126,77;0;5
3069;67;0;0;16;1;1;2;128,04;0;5
3070;65;0;1;14;1;2;2;128,04;1;5
3071;53;0;1;12;1;4;2;128,19;1;5
3072;68;0;0;14;1;2;1;128,41;1;5
3073;66;0;1;14;1;2;1;128,41;1;5
3074;66;0;0;12;1;3;2;128,62;0;5
3075;67;0;1;8;1;2;2;128,62;0;5
3076;65;0;1;16;1;1;1;129,83;1;5
3077;65;0;0;12;1;3;2;130,31;0;5
3078;68;0;1;13;1;4;1;130,57;0;5
3079;69;0;1;17;1;2;2;130,81;0;5
3080;71;0;0;14;1;2;1;131,70;0;5
3081;65;0;1;12;1;2;1;131,70;0;5
3082;56;0;1;14;1;4;2;131,89;1;5
3083;69;0;0;17;1;1;1;133,32;1;5
3084;69;0;0;12;1;4;1;133,74;1;5
3085;67;0;1;14;1;5;2;134,20;0;5
3086;73;0;0;14;1;4;2;134,20;1;5
3087;66;0;0;16;1;1;1;134,53;1;5
3088;58;0;1;12;1;3;2;134,90;0;5
3089;61;0;0;16;1;2;1;135,18;1;5
3090;53;1;1;14;1;2;2;135,18;1;5
3091;66;0;1;14;1;1;2;135,94;1;5
3092;65;0;0;17;1;1;1;137,81;1;5
3093;65;0;1;16;1;2;1;138,07;1;5
3094;61;0;1;11;1;4;2;139,12;1;5
3095;60;0;0;17;1;4;1;139,45;0;5
3096;66;0;1;9;0;3;2;140,50;0;5
3097;64;0;0;11;1;2;2;141,12;0;5
3098;65;0;0;17;1;2;2;141,71;1;5
3099;67;0;1;12;0;2;1;142,92;0;5
3100;67;0;1;17;1;2;1;144,25;0;5
3101;68;0;0;17;1;3;2;144,25;0;5
3102;65;0;0;12;1;4;1;145,54;1;5
3103;65;0;0;13;1;3;2;145,54;1;5
3104;72;0;1;12;1;1;2;145,58;0;5
3105;67;0;0;13;1;4;2;146,18;1;5
3106;68;0;0;16;1;2;2;149,30;0;5
3107;68;0;1;14;1;2;2;151,06;0;5
3108;70;0;0;12;1;3;2;151,06;0;5
3109;65;0;1;12;1;1;1;152,12;0;5
3110;66;0;0;13;1;1;1;152,24;0;5
3111;65;0;0;16;1;2;2;154,12;1;5
3112;73;1;0;5;1;3;1;154,20;0;5
3113;67;0;0;13;1;2;2;156,05;0;5
3114;67;0;0;17;1;3;1;159,00;1;5
3115;64;0;0;15;1;5;2;159,98;1;5
3116;66;0;1;11;1;2;1;161,92;0;5
3117;65;0;0;8;1;4;1;161,92;0;5
3118;73;0;0;13;1;1;1;163,71;0;5
3119;68;0;1;17;1;4;1;163,71;0;5
3120;69;0;0;13;0;3;2;166,00;0;5
3121;66;0;1;17;1;2;1;170,90;0;5
3122;70;0;0;17;1;2;1;170,90;0;5
3123;66;0;1;16;1;2;2;171,10;0;5
3124;65;0;0;17;1;4;1;172,50;1;5
3125;66;0;1;12;1;3;2;172,74;0;5
3126;66;0;1;13;1;3;2;172,90;1;5
3127;65;0;1;12;1;3;1;173,20;0;5
3128;67;0;0;10;1;2;1;173,20;0;5
3129;69;0;0;6;1;2;1;174,75;1;5
3130;67;0;0;16;1;3;2;174,80;1;5
3131;68;0;1;15;1;2;1;175,70;1;5
3132;65;0;0;16;1;2;1;175,70;1;5
3133;67;0;0;17;1;2;2;177,80;1;5
3134;67;0;0;12;1;2;1;180,93;0;5
3135;68;0;1;12;1;3;2;182,56;0;5
3136;67;0;0;9;1;4;2;182,56;0;5
3137;66;0;1;12;1;2;2;184,90;0;5
3138;75;0;0;8;1;1;2;184,90;0;5
3139;69;0;0;10;1;3;1;189,92;1;5
3140;66;0;1;12;1;4;1;189,92;1;5
3141;65;0;0;17;1;2;2;191,92;1;5
3142;68;0;0;17;1;2;1;196,32;0;5
3143;73;0;0;6;1;4;2;197,68;0;5
3144;68;0;0;17;1;2;2;202,10;1;5
3145;67;0;1;13;1;3;1;202,10;1;5
3146;72;0;1;9;1;2;1;203,09;1;5
3147;69;0;0;12;1;2;2;203,09;1;5
3148;71;0;0;16;1;2;2;206,35;0;5
3149;66;0;1;14;1;2;1;206,35;0;5
3150;69;0;0;15;1;4;1;208,74;1;5
3151;68;0;1;12;1;2;1;208,90;0;5
3152;69;0;0;14;1;1;1;208,90;0;5
3153;68;0;1;17;0;1;1;212,05;1;5
3154;73;0;0;17;1;3;1;216,09;1;5
3155;68;0;1;16;1;1;1;216,09;1;5
3156;66;0;0;12;1;3;1;224,24;0;5
3157;74;0;0;8;1;4;1;225,95;0;5
3158;68;0;0;13;0;1;1;232,12;0;5
3159;68;0;0;12;1;3;2;233,51;0;5
3160;68;0;1;12;1;3;2;233,51;1;5
3161;66;0;0;17;1;1;2;234,37;0;5
3162;66;0;0;16;1;3;2;236,00;0;5
3163;68;0;0;12;1;2;2;239,22;0;5
3164;65;0;0;17;1;1;2;242,40;1;5
3165;66;0;1;15;1;2;1;253,40;0;5
3166;69;0;0;14;1;4;1;253,40;0;5
3167;66;0;0;17;1;2;1;254,44;1;5
3168;66;0;0;13;0;2;2;259,34;1;5
3169;65;0;0;12;1;2;2;267,20;1;5
3170;65;0;0;17;1;1;2;270,72;0;5
3171;65;0;1;14;1;1;2;274,80;1;5
3172;71;0;0;17;1;3;2;274,80;1;5
3173;66;0;0;17;1;2;2;275,29;0;5
3174;65;0;0;16;1;2;2;283,06;0;5
3175;67;0;0;17;1;1;1;285,40;1;5
3176;61;0;0;13;1;5;2;288,14;0;5
3177;65;0;0;17;1;1;2;295,59;1;5
3178;65;0;0;17;1;1;2;305,31;1;5
3179;66;0;0;16;0;2;1;308,00;1;5
3180;66;0;0;16;0;3;1;315,70;1;5
3181;65;0;0;13;1;2;2;316,34;0;5
3182;68;0;1;17;1;2;2;323,21;0;5
3183;68;0;0;12;1;3;2;331,10;1;5
3184;67;0;0;17;1;2;1;341,55;0;5
3185;72;0;0;17;1;3;2;352,00;1;5
3186;67;0;0;17;0;3;2;359,17;0;5
3187;72;0;0;17;1;2;2;371,84;1;5
3188;73;0;0;16;1;2;1;373,06;1;5
3189;65;0;0;12;1;1;2;374,19;1;5
3190;65;0;0;17;1;1;2;389,28;1;5
3191;72;0;0;16;1;3;2;391,77;0;5
3192;67;0;1;16;1;3;1;470,58;1;5
3193;73;0;0;16;1;1;2;470,58;1;5
3194;70;0;0;17;1;2;1;491,69;1;5
3195;67;0;1;17;1;3;1;491,69;1;5
3196;65;0;1;17;1;2;2;494,24;1;5
3197;69;0;0;17;1;2;1;494,24;1;5
3198;65;0;0;10;1;2;2;508,65;0;5
3199;68;0;1;17;1;2;1;541,72;0;5
3200;73;0;0;17;1;2;1;541,72;0;5
3201;68;0;1;12;0;1;2;628,99;0;5
3202;67;0;1;16;1;2;2;730,70;1;5
3203;70;0;0;16;1;2;2;730,70;1;5
3204;68;0;1;16;1;3;1;1197,70;0;5
3205;67;0;0;17;1;4;2;1197,70;0;5
3206;70;0;0;17;1;3;1;1312,12;1;5
